customer_id,first_name,last_name,email,phone,country,city,acquisition_channel,registration_date
1,Joanna,Burns,smason@example.com,842.317.6228x459,Russian Federation,Lake Laura,Paid Search,2023-11-28
2,James,Holloway,sarahlopez@example.com,6183810482,Kyrgyz Republic,Michaelshire,Direct,2024-07-07
3,Douglas,Hardy,jkline@example.net,344.337.9758x8881,Switzerland,Carlosberg,Paid Search,2025-05-25
4,Erica,Roberts,danielrobbins@example.org,(367)639-3311x28431,Denmark,East Jessicabury,Referral,2023-03-14
5,Matthew,Greer,janthony@example.org,753.974.8943x099,Saint Martin,Alvaradoberg,Referral,2023-06-11
6,Barbara,Wood,deanna81@example.com,6512172371,Benin,Westmouth,Organic Search,2023-11-29
7,Melissa,Marshall,caitlinmathis@example.net,001-657-710-3932x266,Ethiopia,North Scottstad,Paid Search,2023-05-04
8,Angela,Levy,crystalmartin@example.com,+1-776-204-3311,Aruba,East Jerry,Paid Search,2022-03-18
9,Erika,Hopkins,oford@example.com,376.341.7345x967,Barbados,Elizabethton,Affiliate,2022-07-26
10,Anthony,Brown,dodsonluis@example.net,001-663-976-2505,Heard Island and McDonald Islands,West Kevintown,Email,2022-06-17
11,Elizabeth,Walker,jennifer46@example.com,4103793929,Bahamas,Codytown,Direct,2023-07-10
12,Andrew,Flores,dalton14@example.org,(734)411-0924x557,Gabon,Mayton,Referral,2023-05-20
13,Matthew,Ruiz,nicole38@example.com,706-887-4696x31098,Palestinian Territory,Lake Matthewstad,Direct,2022-12-28
14,Warren,Clark,christopher96@example.com,(288)986-6369x512,Comoros,North Ellenshire,Organic Search,2023-05-21
15,Taylor,Christian,amandahughes@example.net,+1-781-758-5076x9884,Anguilla,Laurafurt,Referral,2025-08-16
16,Patrick,Harding,grahamjorge@example.org,4379149679,Niger,West Matthewport,Paid Search,2024-05-20
17,Danielle,Mcdowell,allisonmartin@example.com,(666)675-2218x2466,Lebanon,Andrefort,Affiliate,2025-05-06
18,John,Garcia,charles44@example.net,(377)281-4086,Bouvet Island (Bouvetoya),East Lindsey,Paid Search,2023-09-24
19,Stephen,Carroll,joycericardo@example.com,215-696-8642x729,Denmark,Fosterberg,Organic Search,2023-12-28
20,Melissa,Benitez,ztorres@example.net,(201)936-7915x42721,Bermuda,Weissfurt,Social Media,2025-06-14
21,Micheal,Rogers,ericphillips@example.com,+1-404-897-6049,Maldives,West Brookebury,Affiliate,2025-10-04
22,Jeffrey,Vargas,perezpatrick@example.net,293.271.8639x5993,Saint Martin,Williamtown,Direct,2023-08-19
23,Kevin,Meyer,jamesmiller@example.org,001-719-927-5299x137,Macao,Hernandezfurt,Social Media,2023-03-08
24,Chelsea,Brown,cheyennegriffin@example.com,001-683-845-5902x51855,Bhutan,North Angela,Organic Search,2025-05-24
25,William,Burch,twheeler@example.org,(525)314-7685x994,Andorra,Hoffmanburgh,Direct,2024-02-26
26,James,Bell,bradleymendoza@example.org,636.697.6376x79245,Somalia,Lorimouth,Referral,2025-08-25
27,Michael,Sandoval,ncamacho@example.net,271-977-3127x8577,Seychelles,North Matthew,Social Media,2023-02-05
28,Alejandro,Greene,tanderson@example.net,001-794-907-5500x66554,Montenegro,Sheilamouth,Referral,2022-03-04
29,Jonathan,Johnson,nguyensusan@example.org,901-525-9598x24813,Chile,Lake Larrymouth,Direct,2025-01-04
30,Amy,Gonzales,ufuller@example.org,001-953-624-9975x67565,Somalia,Port Jeffery,Affiliate,2023-11-30
31,Derek,Torres,gmoody@example.org,+1-821-450-8671x55712,Nauru,Cindyborough,Email,2022-05-04
32,Paul,Pearson,elaine94@example.net,413-247-4233x612,Gabon,Kelliberg,Direct,2023-11-30
33,Tammy,Herring,leonjeffrey@example.com,(296)290-2919x6551,Sao Tome and Principe,Jenniferbury,Direct,2023-10-11
34,Dustin,Cantrell,ytorres@example.org,001-345-942-7463x5483,Saint Helena,East Paul,Organic Search,2022-05-30
35,Teresa,Gilbert,samantha34@example.org,+1-500-988-5899x1735,Barbados,Williamsmouth,Direct,2022-07-27
36,Monica,Weeks,sonyalane@example.org,001-688-387-8529x536,French Guiana,West Michelleville,Social Media,2022-02-27
37,Jane,Figueroa,victorialeonard@example.com,877.887.3809,Eritrea,Carrieborough,Email,2023-08-17
38,Brittney,Chambers,sarah06@example.org,001-283-375-0451x972,Philippines,Manningfurt,Email,2024-08-16
39,Ricky,Lopez,hlewis@example.org,+1-914-361-6018,Mongolia,Lake Jeremymouth,Social Media,2022-06-21
40,Dean,Schroeder,fhoward@example.org,+1-631-749-0577x01411,Ecuador,Tiffanymouth,Referral,2023-04-15
41,Colin,Green,fernandezgail@example.org,(646)726-1997x9798,Sri Lanka,Wolfeland,Social Media,2024-10-11
42,Jennifer,Mitchell,william99@example.com,699-760-7141x56916,Somalia,South Cindymouth,Referral,2025-03-20
43,Jonathan,Gibson,seanellison@example.com,(394)428-6761x784,Marshall Islands,Myersborough,Referral,2025-09-19
44,Caleb,Gilbert,erinjames@example.net,001-387-942-1478x042,Sudan,Port Emilyshire,Affiliate,2025-08-10
45,Julia,Melton,revans@example.net,001-249-221-4276x338,Australia,Thomasport,Social Media,2025-06-11
46,Amanda,Blake,madisonolson@example.com,424-827-5593,Cayman Islands,Burtonland,Referral,2025-06-01
47,Ariana,Dixon,heather66@example.org,433-326-1043,Bangladesh,West Vernonberg,Email,2025-02-24
48,Francisco,Zimmerman,brittanyjohnson@example.net,(822)354-4497x15136,Solomon Islands,Port Jessicatown,Direct,2022-07-16
49,Jennifer,Scott,joel55@example.com,(441)446-2694,Iran,Mcdonaldberg,Referral,2022-03-02
50,Trevor,Nelson,davissharon@example.com,+1-931-905-9827x603,French Polynesia,Jamesberg,Organic Search,2024-05-27
51,Fernando,Young,savannah56@example.net,960-633-6057x456,Gibraltar,Karenfort,Referral,2025-08-08
52,Robert,Summers,andrew43@example.com,9224786510,Swaziland,Amandashire,Affiliate,2023-05-17
53,Tina,Brown,tarajohnson@example.net,+1-522-518-1440x1440,United States Virgin Islands,Susanside,Organic Search,2025-07-16
54,Jessica,Lowe,vrosales@example.net,001-208-590-0776x15423,Guadeloupe,North Michele,Referral,2022-05-25
55,Mark,Rush,armstrongcolleen@example.net,(927)630-0127x01586,Guernsey,Tonyaburgh,Referral,2024-01-26
56,Mark,Hall,ericjones@example.org,480.305.9740x315,Anguilla,New Zachary,Affiliate,2023-05-20
57,Wayne,Vang,stonecraig@example.com,001-721-542-6817,Cape Verde,Sarahview,Paid Search,2025-10-22
58,Michael,Watson,wrandolph@example.org,867.788.5828x915,Solomon Islands,Paigeside,Direct,2025-05-23
59,Victoria,Patterson,garrettteresa@example.org,843-353-6769x148,Korea,Jerryburgh,Social Media,2025-01-20
60,Tina,Ward,heidijones@example.net,890.819.9902,Monaco,Lake Reginaldton,Referral,2022-07-02
61,John,Willis,fisherlaurie@example.org,747.763.7896x314,Congo,East Christopher,Organic Search,2025-08-23
62,Anna,Smith,tasha91@example.net,989-679-0464x77863,Liechtenstein,East Franceston,Organic Search,2024-07-24
63,James,Klein,brownscott@example.org,4602793757,Botswana,North Nicolemouth,Direct,2025-03-14
64,Steven,Gonzalez,kperez@example.com,+1-581-985-8740x69433,Greenland,North Taraberg,Email,2024-09-29
65,Michael,Cooley,frederick09@example.com,001-319-584-8005x66853,Antarctica (the territory South of 60 deg S),Murilloport,Paid Search,2024-05-02
66,Wayne,Fitzpatrick,rwest@example.net,001-513-449-1182x76384,Puerto Rico,Rebeccaport,Direct,2024-10-21
67,Christopher,Flores,operez@example.com,+1-744-684-9151,Philippines,Robertton,Referral,2022-04-03
68,Joe,Rose,ivalentine@example.com,001-463-412-8680x53195,Jersey,Lake Carlostown,Referral,2025-02-14
69,Melissa,Williams,smoyer@example.net,271.418.7194,Ethiopia,North Tammie,Social Media,2024-12-29
70,Meghan,White,jessicamcdaniel@example.com,(473)946-4375x1613,Nigeria,New Timothyhaven,Paid Search,2025-06-24
71,Stephanie,Diaz,paula05@example.org,001-317-427-8687x9169,Moldova,South Annaland,Organic Search,2022-02-15
72,Janet,Fitzgerald,jasonanthony@example.net,001-242-552-9804x3287,Latvia,Lake Brittanyton,Social Media,2022-01-21
73,Craig,Fry,tammywilson@example.org,4795189255,Tanzania,East Rodneyside,Email,2022-01-23
74,Todd,Wilson,dbrown@example.com,667-645-6295x471,Taiwan,Fritzburgh,Direct,2022-07-27
75,Kathleen,Martin,juliecohen@example.org,001-490-543-2680x0712,Korea,Lake Marieborough,Organic Search,2024-07-15
76,Ashley,Young,daniellegomez@example.net,001-835-643-3381x851,Kenya,Heiditon,Paid Search,2024-08-31
77,Joseph,Wright,salinasmolly@example.com,492-546-0226x5840,Slovenia,Fritzburgh,Referral,2025-12-21
78,Gabriel,Burke,christinemarsh@example.com,+1-506-222-0635x54137,Ethiopia,Waltersland,Affiliate,2022-06-28
79,Katie,Sanchez,michael35@example.com,512-346-0070,Belize,Ashleymouth,Organic Search,2023-06-03
80,Kyle,Lee,elizabeth08@example.net,609.750.5864x0127,Bosnia and Herzegovina,Emilyburgh,Email,2023-06-26
81,Alice,Perez,jennifer03@example.com,+1-294-249-8667,Zambia,Reneeview,Email,2023-02-13
82,Taylor,Martin,charlestravis@example.org,+1-957-680-9100x372,Poland,Scottport,Affiliate,2022-06-28
83,Michael,Davis,millerjill@example.com,410-941-9765,Sudan,South Brenda,Affiliate,2025-05-29
84,Carol,Young,shanecook@example.com,932-713-0729x029,Timor-Leste,East Travisville,Referral,2024-09-15
85,Christopher,Mcdonald,suarezsharon@example.com,+1-673-518-4333,Lao People's Democratic Republic,Perryborough,Organic Search,2022-01-23
86,William,Compton,tonipeterson@example.net,+1-222-609-9705,Serbia,Juanborough,Organic Search,2025-12-06
87,Albert,Hudson,ocarter@example.org,+1-621-499-5524x232,Montenegro,Robertfurt,Email,2022-05-15
88,Olivia,Kelley,murphymarie@example.org,001-677-325-6547,Cocos (Keeling) Islands,Yolandaton,Organic Search,2024-01-01
89,Alexander,Horton,sarabush@example.net,773.758.2264x9105,Chad,North Danabury,Referral,2024-10-09
90,Michelle,Ferrell,sheri68@example.com,974-204-6331,Bolivia,Clarkton,Organic Search,2023-04-28
91,Kimberly,Wright,tamara94@example.org,(820)902-9996,Russian Federation,Lake Mary,Paid Search,2023-01-26
92,Corey,Jackson,jacksonbrian@example.com,426-902-5030,Madagascar,South Georgeside,Paid Search,2024-04-02
93,Angela,Bennett,yroberts@example.com,931-994-6200x39278,Norway,Staffordfurt,Paid Search,2025-08-23
94,Katherine,Burch,sanchezbarbara@example.org,+1-685-860-8610x114,Vietnam,Alexandrialand,Email,2024-01-14
95,Caroline,Perkins,rsmith@example.com,001-386-879-7924x891,Guinea-Bissau,Pamelaland,Email,2023-02-05
96,Alyssa,Lopez,floresmarc@example.org,+1-885-622-8389,Costa Rica,Dominguezfort,Organic Search,2024-06-21
97,Jacqueline,Mendez,christopher64@example.org,5153365208,Somalia,East Michael,Referral,2025-08-08
98,Steve,Marsh,johnsonchristine@example.com,797-805-0021x2211,Saudi Arabia,West Allisonshire,Social Media,2024-12-19
99,Jeffrey,Horne,mreeves@example.com,001-525-341-1704x301,Pakistan,Berryburgh,Referral,2023-11-07
100,Amber,Hunt,castroamanda@example.net,+1-940-276-7240,Syrian Arab Republic,Jennaton,Organic Search,2023-02-01
101,John,Anderson,dsutton@example.com,927-976-8507,Poland,Steventown,Email,2025-12-20
102,Christine,Hebert,pturner@example.com,580.285.1051,American Samoa,Kyliechester,Email,2024-12-22
103,Michelle,Brewer,lcarter@example.com,001-742-669-5310x39541,Bahrain,West Gregory,Social Media,2024-12-08
104,Sarah,Martin,diana22@example.org,001-648-990-7508x9481,Czech Republic,Lake Victormouth,Email,2022-02-08
105,Michael,Olson,stephenyates@example.org,499-666-5050x53686,Spain,Greenville,Direct,2023-11-29
106,Katelyn,Lewis,samuel02@example.net,001-743-695-7277x99897,Indonesia,Smithburgh,Paid Search,2025-02-06
107,Kathleen,Summers,loripatterson@example.org,(600)825-3103x56445,Timor-Leste,West Philipfort,Paid Search,2022-02-16
108,Leslie,Reyes,loganmichael@example.net,001-361-754-4546x710,Costa Rica,Michelleberg,Social Media,2023-10-09
109,Mitchell,Duarte,christopher91@example.org,888.393.7628,Tonga,Fishermouth,Email,2025-01-27
110,Marco,Bean,annahayes@example.org,001-336-358-3137,Monaco,Monicaland,Email,2023-09-03
111,Timothy,Weber,blackabigail@example.com,772.423.1465,Papua New Guinea,East Michelebury,Paid Search,2022-04-19
112,David,Lambert,elewis@example.net,4296603063,Algeria,Williamton,Paid Search,2023-08-06
113,Sandra,Miller,laurarodriguez@example.org,531.905.8775x766,Benin,East Michaelburgh,Organic Search,2024-06-20
114,Howard,Patterson,phillipstimothy@example.net,001-367-813-4684x1878,Martinique,Rhondaton,Affiliate,2023-11-05
115,Joseph,Campos,johnsonsue@example.com,879.218.8103,Reunion,Kingburgh,Affiliate,2025-02-10
116,Morgan,Martinez,garywalker@example.net,001-548-835-0279x77355,Central African Republic,North Anthonybury,Social Media,2023-11-15
117,Crystal,Bailey,daniel58@example.com,201-779-1744,Austria,Billytown,Paid Search,2022-05-15
118,Henry,Ellis,folson@example.org,392.310.6996x7592,Latvia,New Melissaland,Paid Search,2024-12-26
119,Nicholas,Shelton,kevin65@example.com,+1-651-561-5517,Malta,East Deborah,Direct,2024-09-09
120,Erica,Heath,kbrady@example.com,(348)440-6889x87084,Dominica,Port Jennifermouth,Affiliate,2025-01-23
121,Lindsey,Rios,kevin47@example.org,211.605.4135x126,Gabon,East Mariamouth,Referral,2022-07-12
122,Craig,Edwards,oglass@example.org,+1-311-666-7941x75673,New Zealand,North Mitchell,Paid Search,2025-07-25
123,Ronnie,Mckenzie,andrewsstephen@example.net,941-572-1312,Iceland,Crystalmouth,Email,2022-07-04
124,Stephanie,Bryant,greenemichelle@example.net,829.297.0874x288,Thailand,East John,Paid Search,2024-06-16
125,Patrick,Baker,kathryn65@example.net,+1-256-706-6731,Argentina,Richardville,Email,2022-12-04
126,Michael,Hernandez,stacy65@example.org,001-863-621-8610x82458,Poland,Jaybury,Direct,2022-03-21
127,Vincent,Chavez,garciajared@example.net,504-630-8857,Israel,Johnsonborough,Direct,2024-05-27
128,Robert,Hall,sheppardjesse@example.com,409-668-7048,Maldives,Milesmouth,Email,2024-11-23
129,Scott,Gallegos,brownallison@example.net,853.210.0604,Paraguay,Port Robertfurt,Organic Search,2022-12-26
130,Mike,Cook,jenniferflowers@example.net,001-429-463-4649x73070,North Macedonia,Robertstad,Social Media,2024-03-12
131,Eric,Kelly,garciaashley@example.net,(747)687-3442,Guinea,Vasquezton,Organic Search,2025-12-07
132,Vanessa,Becker,xsmith@example.com,924-585-3513x6040,Montenegro,Herringshire,Social Media,2024-06-05
133,Jordan,White,angela73@example.org,+1-887-604-8294x294,Liechtenstein,South Amy,Organic Search,2022-03-21
134,Nicholas,Frazier,keynicholas@example.org,(901)336-2670x76963,Kuwait,Williamsville,Email,2023-12-13
135,Howard,Stewart,kelly64@example.net,393.912.1895x794,Slovenia,North Nicholashaven,Direct,2023-11-10
136,Penny,Young,danielle60@example.org,001-305-204-3947x347,Australia,Lake Judystad,Direct,2024-08-01
137,Spencer,Casey,tommy24@example.com,001-285-272-5951,Russian Federation,Smithchester,Social Media,2025-03-09
138,Jacob,Munoz,luke76@example.org,(449)999-8788x52627,Mali,East Vanessahaven,Direct,2022-06-01
139,John,Villa,fbrewer@example.org,665.453.4610x1866,South Georgia and the South Sandwich Islands,Port Kimberly,Referral,2025-02-23
140,Anthony,Harrison,moorebrian@example.org,+1-934-712-7040x9455,Mauritius,Hansenside,Social Media,2023-01-29
141,Ashley,Henderson,jonesthomas@example.net,329-745-5185x9731,Haiti,Lake Tara,Direct,2023-12-25
142,Katherine,Cruz,cwilson@example.net,+1-340-300-3619x83015,Marshall Islands,New Larryview,Paid Search,2023-04-24
143,James,Nolan,ksosa@example.net,875.672.3292x73831,Belarus,East Angela,Paid Search,2022-03-31
144,Aaron,Alvarez,lori37@example.net,4356012579,Palestinian Territory,Evanland,Email,2024-11-15
145,Jeffrey,Barnes,sarataylor@example.com,001-697-957-5788x13044,Ethiopia,New Crystalberg,Social Media,2022-04-28
146,Monique,Bailey,stevenspatrick@example.net,(774)759-9246x7091,Cuba,Walkerchester,Organic Search,2022-09-02
147,Toni,Hansen,oconnormichael@example.org,(989)884-9603x2851,United Kingdom,Hernandezhaven,Referral,2025-03-20
148,Sarah,Phillips,fmurray@example.net,(204)980-7327,Tuvalu,Lake Amyport,Social Media,2023-02-22
149,Tom,Matthews,michelle92@example.net,(574)330-8473,El Salvador,Flynnbury,Organic Search,2023-06-01
150,Denise,Mcintyre,ashley45@example.com,(399)985-0655x011,Barbados,Brianmouth,Email,2022-05-31
151,James,Abbott,patricianichols@example.com,001-370-223-7437,Norfolk Island,New Jenniferton,Organic Search,2024-07-16
152,Brittany,Roy,alexandermccarthy@example.com,633.577.4196x674,Singapore,Autumntown,Paid Search,2025-01-03
153,Mary,Wade,qflores@example.org,519-544-5576,Nepal,Lake Jeffreyville,Referral,2022-03-09
154,Sandra,Ramos,antonio31@example.com,+1-730-294-7798x149,Thailand,Kennethfort,Social Media,2025-05-08
155,Julie,Mullins,robertwolfe@example.com,001-905-805-2292,Serbia,West Molly,Social Media,2025-04-12
156,Matthew,Tran,nrichardson@example.net,281-446-1068,Sweden,Victorburgh,Direct,2024-08-10
157,Veronica,Graham,jessicalewis@example.com,+1-498-672-5565x7151,Kiribati,South Kristin,Organic Search,2022-03-23
158,Daniel,Graham,xwilliams@example.org,(384)936-8007x0574,Panama,Woodardview,Organic Search,2022-10-15
159,Andrea,Savage,jenniferherman@example.net,8923573275,France,Nicholasport,Social Media,2024-10-11
160,Chris,Mitchell,rfoster@example.org,(912)381-5151x51684,Cape Verde,Alisonville,Social Media,2025-06-09
161,Shelly,Warner,hardymelissa@example.org,001-605-674-7195x805,Antigua and Barbuda,North Ashley,Email,2024-05-11
162,Dave,White,michaelgonzalez@example.com,(675)418-2243,Andorra,South Samuelmouth,Referral,2022-11-09
163,April,Lozano,tadams@example.com,+1-462-872-3151,Togo,Port Isabel,Social Media,2025-09-14
164,Richard,Rodriguez,jamesadams@example.net,+1-225-398-6193x8093,Zimbabwe,Austinhaven,Organic Search,2022-03-24
165,Thomas,Buckley,lindsey13@example.com,308.843.4107x40532,Western Sahara,North Carla,Affiliate,2025-04-16
166,Bryan,Cook,psanchez@example.net,+1-211-897-3028x96681,Saint Lucia,North Richardfort,Direct,2024-04-24
167,Victoria,May,davidhuff@example.net,665.749.7334x880,Maldives,Williamsstad,Direct,2022-05-10
168,Danny,Levy,jacksonbrian@example.net,(542)620-1393,Belgium,New Mary,Organic Search,2024-11-05
169,Rhonda,Douglas,ystewart@example.com,+1-206-735-8910x52983,Yemen,Port Jenniferport,Referral,2022-12-11
170,Jennifer,Christensen,moodydeborah@example.net,237-972-9946x8871,Saint Martin,Josephtown,Paid Search,2025-02-26
171,Marcia,Brown,christopher52@example.org,747.717.4189,Romania,Hilltown,Organic Search,2022-09-19
172,James,Smith,byrdemily@example.org,+1-984-965-0067x28364,Finland,Lake Lisa,Referral,2022-02-23
173,Emily,Moreno,xoconnor@example.com,+1-327-713-5950x4670,Bulgaria,West Frankstad,Referral,2025-04-29
174,Nicole,Meadows,oshah@example.net,5428362694,Solomon Islands,East Sherrystad,Social Media,2024-01-19
175,Rebecca,Ford,whall@example.org,+1-204-944-4007x7089,Holy See (Vatican City State),Keithville,Social Media,2024-02-07
176,John,Cabrera,illoyd@example.net,001-527-582-6371x01618,Marshall Islands,North Colinfort,Organic Search,2022-12-05
177,Johnny,Benson,uward@example.com,+1-449-800-6967x946,Saint Martin,Hufffort,Affiliate,2024-05-14
178,Adam,Caldwell,sara85@example.org,(921)774-7713,Cocos (Keeling) Islands,East Paul,Direct,2024-02-14
179,Elizabeth,Kent,torresshannon@example.net,001-544-291-5491,Kazakhstan,Maldonadochester,Social Media,2022-10-08
180,Rachel,Roman,mathewseric@example.net,+1-314-390-7546x48822,Ghana,Port Anthony,Organic Search,2023-08-16
181,Kelly,Sanchez,saundersbenjamin@example.net,5328234823,Morocco,West Alexis,Email,2024-05-21
182,Zachary,Vargas,hlarson@example.org,001-622-387-7089x43149,Uruguay,West Darlene,Direct,2024-02-15
183,Patricia,Rojas,ojohnson@example.org,001-386-769-1649x659,Lesotho,Ginaview,Referral,2025-10-23
184,Nathan,Smith,zachary20@example.com,307-767-9644x8465,Iceland,North Patricia,Direct,2024-02-24
185,Benjamin,Burns,millerdonald@example.net,(396)724-0381x748,Congo,Jacksonmouth,Social Media,2025-05-07
186,Gerald,Gonzalez,gonzalezkristen@example.org,001-950-335-2009,Saint Helena,East Michael,Paid Search,2023-05-29
187,Michele,Rodriguez,millerelizabeth@example.org,(758)971-4569,Barbados,Lancemouth,Paid Search,2025-02-24
188,Samantha,Carlson,xweaver@example.org,(331)424-7220,Iceland,West Victorton,Organic Search,2025-12-08
189,James,Wright,caseysmith@example.net,001-813-216-6382x803,Tokelau,Erintown,Affiliate,2025-07-05
190,Nicole,Perez,sarahharrison@example.com,462-311-7289x948,Tajikistan,Lake Amanda,Direct,2025-05-08
191,Karen,Morgan,jacqueline63@example.com,+1-919-747-2156x25120,United States Virgin Islands,Annestad,Social Media,2024-01-04
192,Stephanie,Frederick,ramirezangelica@example.org,541.644.8188x650,Senegal,East Melissabury,Paid Search,2023-01-06
193,Anthony,Williams,johnsonjulian@example.com,344-355-5569x7630,San Marino,Hudsonton,Affiliate,2024-09-03
194,Susan,Bray,smithtodd@example.net,(598)550-8209,Lebanon,West Joseberg,Referral,2024-12-01
195,Amanda,James,thompsonrobert@example.net,(241)370-8475,Saint Helena,Josephshire,Organic Search,2024-02-16
196,Latasha,Barron,bryantjacob@example.net,442-476-3780,Cook Islands,Kevinhaven,Paid Search,2025-11-30
197,Lisa,Clark,melissa96@example.org,(854)369-4830x75995,Tuvalu,West Michael,Paid Search,2023-09-04
198,Kenneth,Rice,santanasamantha@example.net,649-274-7513,Yemen,East Jeffreyburgh,Direct,2025-07-28
199,Noah,Curtis,tstevens@example.org,+1-771-534-2255x786,Syrian Arab Republic,East Samantha,Referral,2024-04-10
200,Jennifer,King,tswanson@example.net,(230)656-2065,Estonia,Port Benjaminland,Paid Search,2025-03-30
201,Joel,Rivera,robertspears@example.com,001-484-350-8652x923,Venezuela,North Carlport,Organic Search,2025-12-22
202,Peggy,Lucero,mistyjohnson@example.net,+1-763-691-4657x0453,Qatar,West Danielfurt,Affiliate,2024-11-30
203,Angela,Freeman,xcolon@example.net,001-552-466-3804x5616,Syrian Arab Republic,Randallfort,Affiliate,2023-06-23
204,Robert,Gregory,christopher10@example.com,(770)590-8811x70920,Spain,North Christopherland,Social Media,2022-01-21
205,Paul,Berry,heather05@example.org,780.231.3734,Saint Lucia,Julieside,Organic Search,2024-08-18
206,Bridget,Evans,huntdeborah@example.org,664-699-6485x1889,Nauru,New Melissaside,Paid Search,2023-02-17
207,Cynthia,Jones,robertjohnson@example.org,+1-933-737-2630x13562,Christmas Island,Richardmouth,Social Media,2023-01-30
208,James,Vega,jorge83@example.org,+1-401-329-0173x747,Lao People's Democratic Republic,Karlfort,Affiliate,2025-11-14
209,Lisa,Wilson,eileen72@example.com,001-827-582-3542,Pakistan,Smithland,Organic Search,2022-09-21
210,Donna,Wolf,raymonddonald@example.org,(451)852-6118x1588,United Arab Emirates,Lake Jason,Referral,2024-10-31
211,Christopher,Jackson,sperry@example.com,001-993-269-0404x19499,Mozambique,Gloriahaven,Direct,2024-07-27
212,Lori,Simmons,dknight@example.org,6975215930,France,Cynthiamouth,Affiliate,2022-08-12
213,Thomas,Lee,deanna36@example.org,539-739-3332x92426,Bouvet Island (Bouvetoya),Baileyland,Affiliate,2023-09-19
214,John,Keith,patricia61@example.com,462.489.4923,French Polynesia,Robertside,Direct,2024-06-08
215,Steven,Serrano,scott61@example.net,906-798-6387,Czech Republic,Lake Katrina,Affiliate,2025-10-26
216,Luis,Sullivan,alexismarshall@example.com,860-476-4841x465,British Indian Ocean Territory (Chagos Archipelago),Lake Vanessachester,Social Media,2023-11-18
217,Michelle,Oliver,francesmoore@example.net,(935)563-8958,Palau,West Saraport,Social Media,2025-06-03
218,Bryan,Brady,austin28@example.net,265-731-1150x47985,Cocos (Keeling) Islands,Taylorfurt,Email,2022-04-25
219,Brandon,Wheeler,davidhuff@example.com,001-893-707-0665x84895,Paraguay,Port Mason,Direct,2023-09-19
220,Rachel,Blake,nicholascline@example.org,001-429-478-9600,Guatemala,North Karenchester,Organic Search,2023-03-16
221,Kimberly,Kent,johnsonmatthew@example.org,001-653-833-7935,China,Jessicashire,Email,2025-09-11
222,Jennifer,Hale,matthewrodriguez@example.net,2739527627,Azerbaijan,Jodyside,Affiliate,2022-10-22
223,Gina,Flowers,padillabrian@example.org,001-274-555-9224,Norfolk Island,Lake Philliptown,Organic Search,2023-12-16
224,Sherry,Taylor,james75@example.net,715.646.3505,Norway,Davisstad,Affiliate,2025-09-08
225,Bradley,Webster,jeffrey49@example.com,(203)612-1536,Azerbaijan,New Robert,Organic Search,2025-01-21
226,Rebecca,Henry,hammondjustin@example.com,758-750-0024x3836,United States Minor Outlying Islands,Thomasside,Email,2025-08-05
227,Kyle,Adams,sanchezdebbie@example.net,290-700-4210x8165,Morocco,New Seanland,Email,2023-02-10
228,Ronald,Berg,kgibson@example.org,001-336-984-7156,Australia,West Jessicachester,Social Media,2024-06-12
229,Kelly,Beard,davidkennedy@example.com,(501)378-8973,Kazakhstan,Lake Phillip,Organic Search,2022-09-16
230,Ellen,Bentley,isabeljohnson@example.net,908-243-0284x745,Sudan,Romeroberg,Referral,2024-04-05
231,Lisa,Martin,colemanbrittany@example.com,596.753.3344,Gambia,North Meganborough,Organic Search,2023-02-20
232,Theresa,Jackson,paigemoore@example.net,(727)604-3842,Vietnam,West Jenniferside,Direct,2023-01-26
233,Jessica,Marshall,brownangel@example.org,(683)504-7610x39718,Saint Lucia,Sullivanfort,Referral,2023-06-20
234,Madison,Pierce,kimberlyfrederick@example.net,876-428-9332x90667,Gibraltar,Andreachester,Paid Search,2023-07-22
235,Amber,Erickson,melissacooley@example.com,+1-342-915-5437x7672,Afghanistan,New Debraberg,Organic Search,2024-11-11
236,Angela,Brown,cruzgary@example.org,(270)235-9993x155,Turkmenistan,South Brianna,Paid Search,2023-07-14
237,Nicole,Mcguire,qdavis@example.org,871-346-2620x0484,Grenada,Joanmouth,Social Media,2025-08-08
238,Andrea,Davis,bjames@example.com,(515)855-6500x7774,Serbia,North Katie,Referral,2025-12-25
239,Randall,Riley,collinsmelissa@example.net,444.559.5798x6294,Chile,Christinachester,Paid Search,2025-05-17
240,Sergio,Lyons,ageorge@example.com,518.950.8647x7558,Indonesia,East Kayla,Direct,2025-10-07
241,Sarah,Jones,nancyrodriguez@example.com,+1-371-731-9329x57016,Cayman Islands,North Jasmine,Paid Search,2023-10-16
242,Allison,Stone,julian35@example.org,001-350-343-9104,Maldives,East Justinhaven,Direct,2023-01-30
243,Sue,Bryant,thompsonbrian@example.org,001-241-962-0353x10863,Azerbaijan,West Deborah,Affiliate,2025-01-31
244,Randy,Lara,rmoreno@example.org,808-321-1721x1485,Estonia,Bowenfort,Paid Search,2022-07-31
245,Willie,Stokes,dakotapeters@example.net,369-233-0352x0290,Guatemala,Elizabethfort,Organic Search,2022-01-24
246,Lauren,Jordan,laurie30@example.org,410.725.8474,Ukraine,South Christine,Referral,2022-02-10
247,Theresa,Anderson,iwilson@example.net,(258)742-7767x87627,Swaziland,West Kevinland,Referral,2023-12-11
248,Randy,Rodriguez,raymond30@example.com,298-831-5003x43055,Saint Helena,Mcdowellborough,Affiliate,2023-10-03
249,Richard,Brown,rjones@example.net,+1-403-601-2698x509,Guam,Kellyshire,Paid Search,2023-11-18
250,Lisa,Collins,byrdamanda@example.com,398.388.1217x726,Norway,Lake Bettyhaven,Email,2024-06-15
251,Katherine,Jones,stephanieking@example.com,682-549-3548x0731,Nigeria,West Sonyaborough,Social Media,2024-10-02
252,Christopher,Garcia,austinkarina@example.com,535.725.2885,Bosnia and Herzegovina,Beanberg,Social Media,2025-04-27
253,Nicole,Taylor,jerome44@example.org,205.828.3947x144,Benin,Lake Adamport,Referral,2024-02-15
254,Elizabeth,Perkins,erosales@example.com,001-855-469-5737x29290,Comoros,South Brittanyfort,Referral,2023-01-10
255,Edward,Smith,panderson@example.org,(889)773-0754x9126,Denmark,North Kimberg,Paid Search,2023-12-21
256,Willie,Chaney,laurenhenry@example.org,+1-545-832-4201,Colombia,Port Denise,Affiliate,2023-06-25
257,Kenneth,Gutierrez,daniel72@example.net,355-548-6582,Guatemala,Brooksport,Referral,2023-01-15
258,Teresa,Jackson,gregoryjones@example.com,423-289-7189x5424,Saint Pierre and Miquelon,Jonesside,Direct,2024-10-03
259,Christina,Mullen,philliphenry@example.org,745.331.9463x143,Iceland,New Justinview,Social Media,2025-09-24
260,Alison,Moore,kevinwilkinson@example.net,855.999.8105x3494,El Salvador,North Douglastown,Social Media,2023-11-07
261,Deborah,Donaldson,dennis40@example.com,364.728.9230x34251,Gabon,Annafort,Email,2025-08-11
262,Melanie,Duncan,tinajones@example.com,705.803.1309x7471,Djibouti,Lake Brian,Organic Search,2025-02-06
263,Julia,Meyer,vgreer@example.net,896.482.7107,Indonesia,Vincentchester,Paid Search,2025-01-08
264,Lindsey,Smith,jennifer10@example.org,838-995-4414x54338,Holy See (Vatican City State),Guyville,Paid Search,2025-04-29
265,Joseph,Gonzalez,garciafelicia@example.com,(557)327-3838,Suriname,East Andrea,Paid Search,2025-12-17
266,Julie,Coleman,browningmichael@example.org,+1-703-544-5036,Peru,Port Charlesmouth,Direct,2025-12-16
267,Guy,Roberts,shansen@example.com,350-458-0348x6839,Chad,Brittanybury,Email,2024-05-15
268,Cheryl,Johnson,lhart@example.com,001-946-458-8632x8177,Trinidad and Tobago,West Jenniferport,Email,2024-08-15
269,Leslie,Miller,kentjames@example.com,(509)352-3804x9010,Nigeria,Bradyport,Email,2022-05-05
270,Vicki,Edwards,jonmorris@example.net,001-522-290-9654x768,Bermuda,New Ashleybury,Paid Search,2023-10-04
271,Zoe,Warren,lvillegas@example.org,325.741.6621x26335,United States Minor Outlying Islands,North Ruthfort,Paid Search,2025-03-01
272,David,Taylor,carmencole@example.net,(519)229-1378,Bahamas,Mcphersonton,Email,2024-06-24
273,Robert,Smith,charlottefranklin@example.net,+1-671-924-9441,India,Scottchester,Paid Search,2024-04-08
274,Alfred,Murphy,david49@example.com,566-529-2982x791,Ghana,Ryanfort,Social Media,2023-10-03
275,Patrick,Coleman,whoover@example.org,(491)804-5114,Hungary,Ashleymouth,Social Media,2025-12-07
276,Karl,Smith,maria05@example.com,001-203-322-4382x16502,Saint Pierre and Miquelon,Kennethtown,Social Media,2024-05-18
277,Jason,Palmer,lhudson@example.org,256.702.3608x107,Bouvet Island (Bouvetoya),Lake Michelle,Email,2023-10-09
278,Matthew,Lee,swhite@example.org,475.772.7636x343,Pakistan,Julieberg,Email,2023-11-17
279,James,Rodriguez,jamesmorgan@example.com,881-761-7908x50652,Afghanistan,Perrytown,Paid Search,2023-12-10
280,Mark,Baker,ioliver@example.org,857-625-7718x0365,Saudi Arabia,Kennedyview,Organic Search,2023-06-20
281,Joseph,Mccoy,hjohnson@example.net,+1-406-889-6824,Western Sahara,Anaborough,Direct,2023-03-04
282,Jacob,Anderson,harveyjesse@example.com,469.951.6343x9922,Sao Tome and Principe,Johnville,Affiliate,2024-05-31
283,Jared,Dickson,phillip31@example.com,764.286.3508x9924,Bouvet Island (Bouvetoya),Shawnport,Organic Search,2023-12-17
284,Mario,Hill,bhoover@example.com,882.459.4579x38812,Bolivia,Port Barbara,Referral,2022-09-05
285,Gina,White,anita36@example.com,727-991-3539x8369,Western Sahara,North Lindsey,Email,2023-12-12
286,Andrea,Hudson,simmonsjill@example.org,888-368-4103x25924,Saint Barthelemy,Lake Kellie,Email,2024-05-29
287,Elizabeth,Michael,qpoole@example.com,296.661.1488x24483,Congo,Delacruzland,Affiliate,2024-01-05
288,Nicholas,Martinez,hcarr@example.net,455.858.4160,Netherlands Antilles,East Jenniferstad,Direct,2022-11-14
289,Wayne,Irwin,moyerlindsay@example.net,001-824-226-6211,Slovakia (Slovak Republic),South Jessicaville,Direct,2022-01-08
290,Duane,Mayo,gregory54@example.com,950-419-3183,Saint Kitts and Nevis,North Chelsea,Organic Search,2024-10-17
291,Regina,Mcmahon,ryan41@example.org,(798)928-7210,Azerbaijan,Donaldland,Referral,2024-04-26
292,Heather,Smith,andersonchristina@example.net,+1-678-577-0363x74160,Kiribati,Burkefort,Affiliate,2025-10-17
293,Catherine,Curtis,rcalderon@example.org,(934)925-0622x311,Brunei Darussalam,Haasmouth,Paid Search,2023-05-18
294,Linda,Moses,ericalopez@example.com,8607538775,Mauritius,Smithstad,Direct,2022-06-10
295,Mary,Martinez,martindanielle@example.com,001-240-427-0767,Jordan,Port Christopherville,Referral,2024-03-27
296,Emily,White,frederickscott@example.net,001-890-554-2335x542,Montenegro,South Troy,Direct,2024-01-30
297,Jeremy,Ortiz,sheila71@example.net,5972223997,India,Hollyside,Social Media,2023-01-18
298,Renee,Reyes,hwilliams@example.net,001-226-475-8326x09693,Cambodia,Christinatown,Email,2023-10-23
299,Joseph,Luna,oscarjohnston@example.com,+1-749-794-3310x8232,Samoa,West Stephaniemouth,Referral,2022-06-18
300,Lee,Johnson,pgarcia@example.net,711.224.4887,Equatorial Guinea,North Pattyberg,Organic Search,2024-11-09
301,Joshua,Garza,ogonzales@example.org,(979)988-6126x32584,Myanmar,West Nicole,Affiliate,2022-07-04
302,Nicole,Norton,racheltaylor@example.com,(558)995-7786x1198,Faroe Islands,Jonesside,Referral,2022-06-03
303,Madison,Shaffer,stephanie55@example.net,525-780-8472,Indonesia,Claytonport,Affiliate,2023-06-08
304,Justin,Valentine,karen45@example.net,963-995-8943x419,Christmas Island,East Brittney,Affiliate,2024-02-15
305,Jonathan,Simon,mark01@example.com,+1-378-615-1887x273,Bouvet Island (Bouvetoya),West Jeffreyfort,Email,2025-12-17
306,Rebecca,Lewis,vanessacarroll@example.org,001-218-378-8970x8174,New Zealand,Willischester,Social Media,2024-02-26
307,Christina,Duran,bryanandre@example.org,844.754.6840x21158,Indonesia,Lake Kevinview,Social Media,2024-08-14
308,Angela,Evans,peterschaefer@example.org,676-753-2519,Syrian Arab Republic,Port Debraborough,Social Media,2023-06-29
309,Jason,Smith,bergermatthew@example.com,298-463-8469,Brunei Darussalam,Port Frankport,Email,2024-01-16
310,Allison,Newton,tkelley@example.com,523-432-3774,Serbia,Bobbyberg,Direct,2024-02-18
311,Joanne,Gomez,levi40@example.org,867.677.5121,Tanzania,Masonhaven,Email,2023-12-27
312,Justin,Sanchez,nashchristine@example.net,246-618-0680x000,Taiwan,East Patrick,Affiliate,2025-03-26
313,Tiffany,Kelly,summersjenna@example.org,676-218-4472,Sierra Leone,Adamschester,Direct,2022-02-01
314,Peter,Garcia,brownelizabeth@example.net,490.578.6298x2194,Sao Tome and Principe,East Michael,Direct,2024-12-31
315,Kristie,Johnson,qhudson@example.net,001-660-588-0632x40518,Puerto Rico,Robersonview,Direct,2023-08-01
316,Nathan,Marshall,deanna80@example.org,9029311137,Bolivia,Williamsborough,Email,2024-11-20
317,Heather,Walsh,benjamin66@example.net,271.291.2997x937,New Zealand,Justinstad,Direct,2024-05-23
318,Joseph,Moody,uweber@example.net,001-558-694-0961x760,Brunei Darussalam,Davidside,Direct,2025-05-01
319,Amanda,Johnson,rbarber@example.org,362.625.4993,Gabon,Port Danielle,Paid Search,2025-10-05
320,Grace,Gonzalez,briangreen@example.com,9889445666,India,Armstrongburgh,Referral,2024-05-09
321,William,Cunningham,denise54@example.com,386.314.6420,Norfolk Island,Contreraschester,Organic Search,2022-11-23
322,David,Lopez,chadgillespie@example.com,8667806094,Romania,Rodriguezmouth,Direct,2023-06-23
323,Tara,Chavez,kwilliams@example.net,6076772383,Oman,Natashaville,Social Media,2023-01-31
324,Deborah,Lawson,saragonzalez@example.com,(484)746-8542,Albania,East Johnfurt,Organic Search,2023-07-05
325,Robin,Payne,pattersonrobert@example.org,8057532492,Estonia,Lake April,Email,2025-10-03
326,Luis,Chapman,floresbenjamin@example.org,234.951.5394x7141,Burkina Faso,Macdonaldhaven,Social Media,2022-03-22
327,Lisa,Martin,bellison@example.net,685.298.2294x03191,Comoros,Eatonstad,Paid Search,2024-10-16
328,Rodney,Stevens,dawnvaldez@example.org,985.443.2029,Kyrgyz Republic,Sheilaport,Paid Search,2022-03-03
329,Justin,Johnson,bennettjohn@example.net,285-384-7573x2171,Northern Mariana Islands,Wallaceburgh,Referral,2022-05-22
330,Scott,Edwards,shawnpearson@example.net,(964)947-4346x8470,Saint Lucia,Jordanstad,Social Media,2022-04-26
331,Kayla,Morgan,rjohnson@example.com,(299)831-5849,Bosnia and Herzegovina,Port Juanfort,Organic Search,2025-08-26
332,Jaclyn,Rogers,williamssheri@example.com,+1-920-800-0549x1675,Saudi Arabia,Jermainehaven,Organic Search,2024-06-07
333,John,Campos,mary98@example.net,(727)615-1971x3065,Myanmar,Port Joseph,Direct,2024-08-23
334,Teresa,Powell,qmeadows@example.net,(598)546-8626x459,Malawi,East Veronicaville,Email,2023-06-11
335,Jared,Morrison,tylerandrea@example.com,+1-402-990-5243,Northern Mariana Islands,North Davidmouth,Paid Search,2022-11-29
336,Jennifer,Ferguson,matthewcarroll@example.com,677.909.0186,Martinique,Lake Joseph,Paid Search,2023-12-17
337,John,Williams,joe12@example.net,652-239-0571,Estonia,New Kathleen,Email,2022-09-30
338,Christine,Long,jedwards@example.com,755.419.6582,United States of America,Janiceville,Paid Search,2022-06-27
339,Arthur,Johnson,williamnicholson@example.org,(575)646-0676,Myanmar,North Barbaraville,Social Media,2025-04-10
340,Monica,Brown,guzmanjames@example.net,+1-774-661-0365x01604,Brunei Darussalam,Marybury,Organic Search,2024-04-13
341,Autumn,Vasquez,carrie10@example.org,001-859-606-0741x25707,Palau,Hamiltonberg,Organic Search,2024-02-13
342,Felicia,French,tinakramer@example.net,788-536-0393x9765,Bhutan,Clarkmouth,Social Media,2024-06-02
343,Kevin,Brooks,harrispaul@example.org,821.489.4224,Micronesia,Byrdbury,Organic Search,2024-02-01
344,Sara,Adkins,stephanie45@example.com,+1-990-809-6413x92856,Pakistan,Port Harryport,Social Media,2023-08-24
345,Jonathan,Franco,jacksonronald@example.org,604.396.6307x2538,Gabon,Michaelview,Paid Search,2024-11-10
346,Jacob,Gonzalez,clarkchristine@example.net,001-551-209-1322,Saudi Arabia,South Jessicaville,Direct,2024-03-07
347,Robert,Gilbert,colejames@example.org,(212)839-8172x015,Kyrgyz Republic,Williamsfurt,Affiliate,2024-12-03
348,John,Walton,wross@example.com,(594)509-5950x01020,Barbados,Lewisside,Direct,2025-05-31
349,Janet,Miller,rogerspamela@example.com,998-792-0453x5778,El Salvador,New Kaylabury,Email,2023-06-19
350,Craig,Duncan,harrisheather@example.com,295-873-7717x63196,Zambia,Lake Daniel,Affiliate,2024-08-02
351,Amy,Davis,obecker@example.com,711.797.1347x716,Morocco,Raymondmouth,Social Media,2024-10-16
352,Jay,Golden,daniellewilliams@example.com,3764252036,Maldives,Thompsonburgh,Email,2022-09-02
353,Nathan,Pena,tiffany49@example.org,+1-641-405-2375x750,Armenia,Port Brettview,Email,2024-05-13
354,Patricia,Hopkins,rodriguezdeborah@example.com,001-503-505-9052x9523,Reunion,New Kathryn,Paid Search,2023-10-29
355,Dakota,Padilla,wwelch@example.org,001-756-226-3230x123,Tuvalu,South Seanland,Organic Search,2022-12-20
356,James,Henderson,carterandrea@example.net,742-748-0379x00972,Nicaragua,West Larry,Paid Search,2023-04-21
357,Bryan,Bates,karenwhite@example.com,561.578.0619x9220,Costa Rica,Knappbury,Social Media,2022-06-09
358,Timothy,Bernard,smithcharles@example.org,875.576.6924,Heard Island and McDonald Islands,East Brian,Affiliate,2022-01-25
359,Jill,Wells,christophermendez@example.org,+1-749-513-6611x194,Indonesia,Blackhaven,Direct,2023-03-28
360,Alec,Johnson,tnelson@example.org,+1-359-824-5159x2527,Palestinian Territory,Port Andrew,Organic Search,2023-10-19
361,Felicia,Monroe,davidsonpeter@example.net,(324)821-2140,Malaysia,North Edwardport,Paid Search,2025-08-25
362,Keith,Barker,ybutler@example.org,+1-604-891-8764x5114,Peru,Timothyshire,Paid Search,2023-04-13
363,Danny,Sutton,youngjoseph@example.net,+1-705-496-1261,Bolivia,Kendrahaven,Email,2022-04-12
364,Bradley,Clark,sheltonjonathan@example.org,858.461.3248x8794,Cook Islands,Tuckerland,Organic Search,2022-05-15
365,Ryan,Key,derek48@example.net,872.537.0195,Liechtenstein,Mcguiremouth,Affiliate,2023-12-06
366,Edward,Richardson,bblack@example.com,943.462.6681x21747,Ghana,West Crystal,Email,2023-03-11
367,Corey,Harrison,johnturner@example.com,(300)651-2340x566,Gabon,New John,Referral,2025-06-16
368,Jeremy,Bowen,smithsamantha@example.com,524.898.9910,Burkina Faso,Port Jamesmouth,Paid Search,2024-08-10
369,Jason,Jackson,qparks@example.org,(706)444-6619,Greece,South Alexandershire,Paid Search,2025-07-01
370,Matthew,Buckley,daviserin@example.net,416-506-2280x72544,Togo,Spencerhaven,Social Media,2024-11-06
371,Sarah,Hernandez,rebecca70@example.com,312-849-7464x566,Burundi,Beckland,Paid Search,2022-02-10
372,Cody,Summers,michelestevens@example.com,+1-828-233-0355x203,Botswana,Julieside,Direct,2022-06-16
373,Anna,Cook,austin69@example.com,(954)834-2121,Guadeloupe,Robinsonview,Social Media,2022-12-31
374,Rhonda,Carr,salvarez@example.com,+1-803-578-2353x93626,Belgium,Lake David,Email,2025-12-13
375,Julian,Dennis,matthew14@example.net,819.925.9263x60680,Luxembourg,Singletonton,Social Media,2024-08-14
376,Walter,Ellis,nicolemitchell@example.net,(843)575-1454,Serbia,West Daniel,Email,2023-04-06
377,Heather,Kim,lisalee@example.com,275.839.8972x671,India,New Allisonview,Referral,2023-07-10
378,Kelly,Brown,smithchristopher@example.com,001-602-445-6438,Norway,West Ellenfort,Paid Search,2022-11-03
379,Joshua,Flynn,iramirez@example.com,+1-996-668-5397x73857,Algeria,Davidsonchester,Referral,2024-02-07
380,Omar,Robles,careygabriel@example.com,887-691-1674,Dominica,Lewisbury,Email,2024-01-04
381,Kathleen,Taylor,jennifer32@example.com,200-334-3849,Guinea,Jordanmouth,Direct,2025-07-15
382,Elijah,Lee,williamsfrancis@example.net,+1-811-248-2302x9835,Gibraltar,New Codymouth,Affiliate,2022-06-03
383,Cody,Blake,bbradshaw@example.com,+1-729-252-8878x705,Saint Vincent and the Grenadines,West Jasonland,Social Media,2025-08-30
384,Dennis,Taylor,wagnerrichard@example.net,973-599-3165,San Marino,Smithmouth,Referral,2022-05-28
385,Daniel,Davis,kristy09@example.net,517.888.8186,Isle of Man,South Michaelton,Organic Search,2022-04-02
386,Brian,Burnett,nicholasharris@example.org,329.580.5339,Saint Pierre and Miquelon,New Jeffreyton,Social Media,2022-10-23
387,Melanie,Newman,imyers@example.net,001-943-606-2787,Libyan Arab Jamahiriya,Kimberlyview,Affiliate,2023-02-22
388,Clinton,Mahoney,andrewbraun@example.com,897-817-9868x720,Sudan,Port Bobby,Affiliate,2023-01-08
389,Sarah,Cole,robbinscindy@example.org,925-771-9937,Saint Lucia,Port Annabury,Social Media,2024-09-12
390,Karen,Salas,aadams@example.com,777.991.6815x695,Comoros,North Lisa,Direct,2022-07-23
391,Chloe,Mccoy,robertsilva@example.net,368-346-2226x4622,Romania,Dianamouth,Referral,2024-07-02
392,Anna,Roberts,uosborne@example.com,282-655-9340x7033,Netherlands,East Jeremyfurt,Direct,2022-06-02
393,Joshua,Martinez,ryangarrett@example.com,001-729-532-8246,Greece,West Johnnyfurt,Referral,2023-07-20
394,Bradley,Watson,llozano@example.org,(640)575-6308x686,Kiribati,East Larry,Direct,2023-11-12
395,Joseph,Rogers,millerjames@example.com,274-566-7084,San Marino,New Franciscotown,Paid Search,2023-08-15
396,Patrick,Bowers,millerpatrick@example.com,+1-293-227-6381,Jordan,South Joshuaberg,Organic Search,2023-04-02
397,Patrick,Alexander,gnguyen@example.org,001-340-780-2278x16283,Sao Tome and Principe,South Veronicaberg,Direct,2024-09-09
398,Linda,Cortez,robert06@example.net,9712357655,Croatia,Port Michaelview,Direct,2024-02-23
399,Janet,Freeman,galvandenise@example.net,+1-345-423-1346x85509,Austria,Alexanderton,Direct,2022-04-15
400,Theresa,Green,stacey05@example.com,(340)324-2905,Macao,East Justin,Affiliate,2022-06-23
401,Randy,Joyce,twhite@example.org,+1-936-564-6125x7565,Turks and Caicos Islands,Denisemouth,Referral,2023-01-04
402,Gregory,Nelson,olivia24@example.com,704-490-2127x6305,Anguilla,Franklinville,Referral,2025-05-06
403,Jose,Lynn,johnsonvirginia@example.org,(518)546-3193x32088,Turks and Caicos Islands,Loriside,Organic Search,2024-07-11
404,Lee,Turner,linda67@example.org,+1-599-553-4080,Kazakhstan,West Jennifer,Organic Search,2024-03-06
405,Christopher,Mccullough,riggsscott@example.org,276.358.7490,Brunei Darussalam,Paulchester,Affiliate,2023-12-25
406,Rhonda,Sandoval,joshuaanderson@example.net,812.458.5983,Timor-Leste,Lake Janetside,Referral,2024-01-12
407,Samuel,Rollins,dennis61@example.com,(705)669-5882x02267,Italy,North Martinburgh,Social Media,2025-06-24
408,Jose,Fry,lday@example.net,001-574-929-1156,Morocco,East Corey,Referral,2025-04-28
409,Willie,Fox,cassandra53@example.com,(642)256-8808x6592,Saudi Arabia,Harristown,Affiliate,2022-07-28
410,Robert,Anderson,salazarkathryn@example.com,991.697.8297x71976,Vanuatu,Ericchester,Social Media,2025-04-02
411,Michele,Scott,bradley51@example.com,6608392552,French Polynesia,West Aprilville,Paid Search,2022-11-06
412,Richard,Leonard,haileybaker@example.com,685-935-9060,Saint Helena,Johnshire,Organic Search,2023-11-29
413,Nicole,Allen,pschneider@example.com,(474)357-5953x9606,Kyrgyz Republic,Torresland,Organic Search,2023-03-29
414,Shannon,Boyd,jenniferschwartz@example.com,001-381-213-8912x50510,Iceland,Johnmouth,Email,2024-10-02
415,Melissa,Olson,xbrown@example.org,3972094904,Nicaragua,New Brandonmouth,Affiliate,2023-01-19
416,Breanna,Brown,brandon32@example.org,+1-775-263-1605,Iran,South Kathy,Affiliate,2025-01-30
417,Courtney,Wilson,cberry@example.org,(970)256-9617x5935,French Guiana,North Craig,Paid Search,2022-01-29
418,Judy,Kramer,terrirodriguez@example.com,596-247-3447x24708,Cote d'Ivoire,Port Madeline,Affiliate,2023-12-16
419,Christopher,Wallace,lfigueroa@example.org,7843164761,Armenia,Lake Kimberly,Referral,2023-03-05
420,Crystal,Williams,floresscott@example.com,001-774-602-2798x5025,Hungary,Saraborough,Affiliate,2023-09-20
421,Amy,Trevino,kingaaron@example.com,(672)383-2261x35542,Solomon Islands,Ortizview,Social Media,2023-04-06
422,Rebecca,Meyer,brandonvelez@example.org,346.834.4850,Pakistan,Hendersonside,Social Media,2024-05-14
423,Mary,Miller,stacy96@example.com,467-598-6410x342,Liechtenstein,South Davidmouth,Direct,2025-10-26
424,Brenda,Proctor,christensensharon@example.net,510.304.0933x0240,Tokelau,New Austin,Direct,2025-09-06
425,Craig,Hansen,rlambert@example.com,+1-856-334-8202x042,Bermuda,Aaronton,Direct,2024-12-11
426,James,Matthews,keithlarsen@example.net,+1-285-767-2896,Croatia,East Anthonybury,Organic Search,2022-08-24
427,Tina,Ware,lopezjoseph@example.net,+1-688-225-2624x2575,Saint Kitts and Nevis,Wallsshire,Affiliate,2023-03-16
428,Thomas,Schmidt,yvonne64@example.com,6778997511,Latvia,Port Marcus,Affiliate,2024-05-15
429,Cheryl,Whitehead,lauraparker@example.net,237.681.4651x71081,Paraguay,Manningshire,Affiliate,2025-04-16
430,Suzanne,Nguyen,nicholas04@example.org,+1-338-506-0817,Cocos (Keeling) Islands,Lake Claire,Paid Search,2022-03-03
431,Jacqueline,Murray,jacob13@example.org,+1-761-738-0038,Jordan,Hawkinsland,Social Media,2024-07-04
432,Michelle,Chavez,berrylarry@example.net,+1-972-552-7067x58457,Barbados,Oconnorborough,Social Media,2022-10-02
433,Dominic,Davis,rosswilliam@example.net,+1-862-606-2661x222,Rwanda,Comptonton,Affiliate,2024-02-14
434,Michael,Rhodes,johnsonzachary@example.org,8812684166,Saint Lucia,New Dylanstad,Social Media,2023-11-18
435,Sierra,Hays,xwatson@example.com,(279)791-7006x9746,Rwanda,Robynview,Referral,2022-01-25
436,Nancy,Thomas,jonathan55@example.org,(794)469-3987x6995,Anguilla,North Anthonyburgh,Organic Search,2022-12-04
437,Breanna,Davis,chavezjon@example.org,591.636.9852x9441,Saint Lucia,Brandonhaven,Paid Search,2023-11-21
438,Frank,Morris,eduke@example.com,3776158403,South Georgia and the South Sandwich Islands,Troyshire,Email,2024-08-12
439,Ian,Gibson,ramirezmichelle@example.com,517-238-4964x56602,Iceland,Beckyport,Referral,2025-05-12
440,Dustin,Smith,ericwilliams@example.org,791.672.2066x2983,Nicaragua,New Cassandraburgh,Referral,2022-03-03
441,Steve,Bryan,williambrown@example.net,803-354-0041,Israel,West Melissachester,Organic Search,2024-09-02
442,Amy,Martinez,molinaashley@example.org,+1-894-920-1469,Namibia,South Sara,Direct,2022-10-04
443,Steven,Morrison,scott90@example.com,+1-244-511-4963x94483,Congo,Tammyland,Paid Search,2022-02-15
444,Sharon,Clark,fdeleon@example.com,001-812-221-2378x1103,Iceland,Lake Joanne,Paid Search,2024-11-24
445,Keith,Landry,acoleman@example.com,(683)257-0322x857,Antigua and Barbuda,Jonesport,Organic Search,2023-02-23
446,Mia,Young,jenniferlewis@example.com,9746791021,Equatorial Guinea,Cherylville,Paid Search,2024-01-19
447,Derek,Wilson,hillsamuel@example.com,001-593-239-4634x0210,Rwanda,Johnsonville,Social Media,2024-12-24
448,Andrew,Sanchez,patrick11@example.net,831.256.8903,Mozambique,Mirandaberg,Affiliate,2025-01-17
449,Jean,Reese,ugomez@example.com,(288)545-4471,New Zealand,East Rogerland,Social Media,2025-03-16
450,Ashley,Morse,ubailey@example.org,4825436622,Oman,South Diana,Social Media,2025-01-10
451,Jacob,Blake,katieduffy@example.com,(656)731-5269x0348,Romania,Hartstad,Email,2025-04-11
452,Paul,Hernandez,tortiz@example.com,+1-798-999-7806,Finland,East Steven,Social Media,2024-07-30
453,Laurie,Morris,joshuamercer@example.org,240-546-2557,Afghanistan,North Jessicaview,Direct,2022-08-15
454,Summer,Cobb,samanthapennington@example.org,315.337.2605x658,Monaco,South Tinafort,Affiliate,2024-06-23
455,Thomas,Palmer,harveysandra@example.net,514.303.8632x066,Qatar,North Kayla,Email,2024-05-19
456,Chloe,Morales,danaholloway@example.org,+1-882-778-8130x16431,Bosnia and Herzegovina,South Meganview,Affiliate,2025-02-28
457,Molly,Williams,caseyheather@example.net,(937)816-3916,Nepal,South Monique,Direct,2025-03-25
458,Natalie,Alvarado,lindsaymartin@example.net,001-826-326-0900x86315,Vanuatu,Mosestown,Referral,2025-04-17
459,Joshua,Carlson,robin24@example.net,568-768-0145,Seychelles,Smithberg,Affiliate,2022-04-20
460,James,Pittman,zmanning@example.com,6534515392,American Samoa,West Andrealand,Referral,2025-09-27
461,Amy,Cook,amy30@example.net,(880)928-5631,Tokelau,Danielleville,Referral,2023-05-09
462,Michael,Abbott,bkline@example.org,879.903.4287,Ethiopia,Saraberg,Affiliate,2025-07-25
463,Joseph,Lindsey,john74@example.com,001-973-853-7110x098,British Indian Ocean Territory (Chagos Archipelago),Port Williambury,Affiliate,2023-08-14
464,Megan,Garcia,jonathantrujillo@example.net,374.395.1227,Iraq,Port Peter,Direct,2022-10-16
465,Hailey,Carter,hayley92@example.com,301-829-0972x89626,Ethiopia,Harrisonland,Social Media,2024-11-01
466,Harry,Williamson,john01@example.com,781.950.7959,Congo,Sydneybury,Social Media,2023-01-28
467,Kristen,Arnold,brenda82@example.com,7307794874,Congo,New Felicia,Social Media,2024-02-08
468,Marissa,Green,ralphvelasquez@example.org,213-438-9710x603,Egypt,Ashleybury,Paid Search,2025-07-28
469,Jesus,Morrow,bbates@example.org,6108879199,Russian Federation,North Rachelshire,Direct,2023-11-02
470,Jennifer,Stevens,browndavid@example.net,001-798-554-9960,Netherlands Antilles,Port Angela,Organic Search,2023-08-10
471,Elijah,Douglas,vasquezjames@example.org,7775355440,Cyprus,Port Jane,Referral,2023-05-13
472,Dylan,Stevenson,ycooper@example.net,001-550-620-3909x501,Thailand,Acostafurt,Email,2025-08-12
473,Brenda,Simmons,lopezcrystal@example.com,(545)653-9429x77696,Czech Republic,West Emilyside,Email,2025-05-15
474,Lauren,Turner,amanda44@example.org,+1-509-908-3242,Romania,Michaelchester,Direct,2024-08-31
475,Wayne,Ramirez,davidconner@example.org,7169197763,Tunisia,Normaburgh,Social Media,2024-06-14
476,Michael,Davis,john25@example.org,(774)814-9836,Western Sahara,New Josephfort,Direct,2025-09-15
477,Raymond,Huang,grayleslie@example.org,(450)925-1458,Armenia,Whitehaven,Organic Search,2023-07-02
478,George,Hill,manuelparker@example.org,(968)798-9941x983,Marshall Islands,Juliestad,Direct,2023-09-27
479,Zachary,Hicks,blevinscheryl@example.com,295.937.3091x8808,United Kingdom,Jenniferberg,Direct,2023-02-22
480,Kevin,Wright,daviskatrina@example.net,897-422-3549x8026,Nepal,Lake Michael,Organic Search,2024-08-06
481,Jeremy,Wilson,chris39@example.net,001-523-529-5692,Denmark,Owenstad,Direct,2022-01-28
482,Cole,Lynch,warrennatalie@example.net,+1-489-562-3636x21780,Congo,North Erica,Paid Search,2025-04-09
483,Angela,Wells,garciamelissa@example.com,754.505.6074x1007,Isle of Man,Marcusbury,Direct,2024-09-29
484,Gary,Jones,krystal72@example.org,(647)624-4380,Kenya,Reedmouth,Organic Search,2023-05-06
485,Christine,Mayer,vlowe@example.net,+1-855-693-3966,Syrian Arab Republic,East Theresa,Social Media,2025-02-26
486,Jordan,Bailey,brandon76@example.com,816-812-2576x676,Zambia,North Stacymouth,Referral,2025-03-03
487,Michael,Solis,byrdmegan@example.com,(216)250-9586x00747,Madagascar,West Natalieburgh,Paid Search,2025-10-07
488,Chris,Rangel,rachel95@example.com,(502)512-0914x2365,Sierra Leone,West Charlesmouth,Affiliate,2023-11-18
489,Steven,Allen,qmoreno@example.net,001-489-673-7094x45641,Sierra Leone,Walkerburgh,Affiliate,2025-08-05
490,Joyce,Glenn,frankharper@example.org,751-556-5629x2626,Martinique,Ferrellshire,Email,2022-05-12
491,Jodi,Hill,calvindiaz@example.net,001-885-403-5844x462,Gambia,Port Jacob,Referral,2025-04-11
492,Emma,Bentley,abaker@example.org,977.504.4781,Mali,Lake Jason,Affiliate,2023-09-28
493,Adrian,Fernandez,linda25@example.org,2282185219,Japan,East Timothyburgh,Paid Search,2022-02-06
494,Michael,Pena,allensue@example.com,339-284-3905x44950,Antigua and Barbuda,North Ashleyhaven,Affiliate,2025-11-04
495,Kathleen,Mason,karen21@example.net,(418)302-0475,Isle of Man,West Stephanieview,Paid Search,2022-12-24
496,Linda,Simmons,hartgary@example.org,745.972.9286x502,Spain,Patriciamouth,Organic Search,2023-03-08
497,Mary,Reed,jharris@example.com,(401)794-6297x8844,Canada,North Paul,Referral,2024-01-11
498,Natalie,Munoz,mchang@example.com,+1-995-719-4059x88671,Papua New Guinea,Port Gary,Organic Search,2023-02-21
499,Peter,Evans,htucker@example.net,939-752-0671,Cote d'Ivoire,South Kenneth,Referral,2022-06-01
500,Mitchell,Schmidt,abriggs@example.com,(906)723-2739x59337,India,Port Kaitlyn,Social Media,2024-06-03
