review_id,order_item_id,rating,comment,review_date
1,117,4,Find sure respond help detail clearly law.,2025-11-26
2,379,5,Me late player despite air perhaps address image.,2025-07-30
3,3944,2,Star ten boy suffer cold too decision later arm when network perhaps what would.,2025-03-05
4,452,4,Machine top feeling so could put Congress food.,2023-06-07
5,3405,4,Although stuff another exist cup crime another little scene old even ability defense base buy collection.,2023-04-05
6,2164,4,Economy glass travel night thank national trial.,2025-03-21
7,3391,5,Other significant move happy war south chair choose paper despite though agree dark natural thank throw game.,2025-04-12
8,1425,3,Relate indeed result miss federal.,2023-06-09
9,3128,5,True cut mouth ever later dark.,2023-03-19
10,358,4,After field experience eat drive again modern fly whom pretty peace themselves light girl left son few build manager.,2023-08-30
11,2948,4,Task military us even leg building among wind stock method.,2023-03-26
12,1985,3,Ability region talk rich crime amount nor into clear town church begin.,2024-11-29
13,2535,5,Agree anything message affect professional still speak mention green drug nothing local focus step.,2025-04-03
14,928,5,Degree until then bag ability sort rather although.,2024-08-01
15,545,4,Stock beyond song whose we analysis.,2025-06-07
16,2893,3,Health card generation full back affect someone response success tend political show article.,2024-09-01
17,4112,5,Successful accept ask two analysis today short part develop.,2024-11-10
18,2264,3,Tax onto yet meet technology tell on act sound statement build.,2025-09-17
19,1387,4,Thank represent idea seek house.,2025-11-17
20,3448,5,Ok woman in follow structure table ask citizen.,2024-12-21
21,822,4,Smile have security become modern base news red relate operation toward.,2023-12-09
22,1399,4,We nation general experience society responsibility another decade allow this pattern develop mention available prepare.,2025-12-03
23,2118,5,Example pay represent but accept safe action player.,2025-02-19
24,695,5,Fly body dog power benefit end if onto perhaps return before.,2025-08-13
25,482,3,White shake now month rate cup challenge room agreement media reflect especially offer too most say.,2026-01-10
26,363,5,Again movie country water star campaign tax hot customer reflect sound wonder common political fall couple.,2025-04-11
27,407,3,Nature action all employee major good support.,2024-04-15
28,3647,3,Question food sound player question drop organization agreement.,2025-05-14
29,97,3,Man full address where look people wind police affect indeed safe.,2023-10-22
30,3873,5,Land only network describe sometimes spend represent force choose catch catch owner person create officer.,2024-03-28
31,3592,4,Down account exactly carry too budget easy base must allow.,2025-11-29
32,3801,5,Be its movement ten like movement.,2025-11-27
33,2093,5,Blood collection hospital everything may significant government talk then until describe price.,2023-07-19
34,381,3,Your form reflect change small she environmental movement rock some admit.,2025-12-09
35,1583,3,Father successful international develop all key call.,2025-05-04
36,134,3,Character source address other detail both far.,2025-02-13
37,735,5,Cell campaign particular family site partner doctor whole director factor man place social history own.,2023-11-06
38,4217,5,Learn industry four house reason stand nearly.,2025-08-07
39,964,5,Minute fund senior condition top wrong into amount recognize.,2025-12-19
40,4125,4,Leave model instead because law ability same free quite reason.,2025-08-06
41,3945,4,Low economy current issue design medical top catch scene feeling institution.,2025-03-02
42,1092,5,Military painting together cut voice clearly subject effort city.,2025-11-20
43,1866,4,May bed parent again.,2026-01-09
44,4355,4,Watch moment drug capital.,2024-08-02
45,3527,4,Everything final seek leave cut fly two phone cup threat charge fill beautiful.,2024-02-06
46,2619,3,Even act production health experience personal information head his own list.,2025-07-09
47,2489,4,Sit decision project buy range any nor.,2025-10-04
48,2470,5,But carry nor him you travel stage because institution produce movie stuff check.,2025-04-25
49,474,5,Win decide control establish either policy fish open though wind feeling him believe fill.,2025-08-11
50,2446,4,Smile answer Democrat go certain beyond top conference.,2024-09-28
51,3299,3,My cut part although artist six give yet allow avoid wide bank big local standard answer.,2024-09-25
52,1902,5,School those law event from common.,2024-07-12
53,2804,2,True institution heart around off value success season sing office.,2024-07-04
54,1681,5,Brother exactly why hear Mrs check.,2025-12-16
55,1763,1,Size shake lead usually dinner ground reflect thousand generation decide.,2025-08-03
56,3583,3,More human they nice drive girl drop yard economy eight behind daughter consumer six level kind issue.,2025-10-06
57,3232,2,Form technology week plant wish develop man institution loss class art want article leave finally believe service.,2024-04-15
58,2779,5,Talk choice up above cold offer newspaper worker unit ground serious discuss short reason director strategy dark.,2023-02-09
59,929,4,Analysis performance go design toward knowledge blue look game shoulder themselves evening leader.,2024-07-28
60,1200,3,Memory herself southern crime charge with article perform cause history someone animal guy we wait recently.,2022-11-30
61,2606,2,Someone table who player sound way agency stage value important street world score yes small often break minute.,2025-11-09
62,2493,5,Dog see process exactly nothing sort let left interesting professional.,2025-10-01
63,1724,4,Fish who hand need during watch clearly cold cold drive.,2024-05-19
64,1367,4,Student piece south manage race walk do.,2022-08-01
65,3253,3,Have agreement task best age point church or common choose.,2023-07-18
66,782,2,Least avoid current find.,2024-06-06
67,4249,4,Method throughout safe set care pick professor simply catch instead over debate old forward real race kind quite human economic.,2023-12-03
68,2647,4,Research thought allow address on word good laugh sense.,2025-12-19
69,4485,4,Might share interest away could now imagine better between.,2024-12-09
70,2466,2,Finish argue magazine.,2024-07-13
71,4265,4,Boy control image recognize within lead kitchen measure project expect hotel.,2023-05-29
72,137,4,Such than condition black camera nice actually difficult usually someone.,2025-06-05
73,3839,4,Method over understand reason surface recognize.,2025-01-31
74,830,5,Billion size hour skill TV true.,2025-03-09
75,1247,5,Amount meet parent quite while rest cold pull security easy per character others.,2025-09-07
76,3892,5,Season sort night where yeah couple resource yeah.,2024-06-13
77,2794,2,Within seat school drop support nice tonight election try trial government need.,2026-01-08
78,2706,1,Quality structure benefit others wind discuss oil within TV artist.,2024-07-13
79,1274,4,Visit boy fish could ok bank option although coach gas.,2025-12-13
80,2608,4,Financial enough phone eat fine continue size must show perhaps economy dark human national you crime lose.,2024-02-05
81,1529,4,Story focus idea suddenly raise outside building police drug represent.,2025-11-11
82,3882,5,Threat five special leader into worry its.,2025-10-01
83,3749,5,Now head despite add common history writer new himself test.,2023-11-15
84,96,5,Everything analysis cost single deep product news.,2023-08-07
85,3364,4,Agent factor foreign prove upon at expert office between read stay fear fund candidate.,2024-02-08
86,2641,5,Police least always moment although together real plan.,2025-10-09
87,1451,1,When thus city agency enough a building effort hot hard.,2025-01-10
88,3096,5,Quality study we trial city action.,2024-06-12
89,4391,5,Music century item class decade name avoid quality.,2025-09-06
90,2863,5,Wife better discuss people now individual expert.,2023-11-30
91,1195,3,Personal father end start despite second including inside second suddenly employee memory outside model large.,2025-08-30
92,4292,5,Prove film perform onto risk white political significant ask turn focus week bar fact.,2024-12-25
93,1622,4,Say pressure difference approach about method describe race try trip home.,2024-01-06
94,2390,3,People expect year training garden increase boy plan kind prevent myself relate.,2022-12-11
95,3665,5,Rest upon father on child customer.,2024-11-08
96,469,5,Not moment health be shake notice they leave build stand.,2025-12-31
97,3172,5,Shoulder go visit dog me material scene call choose as.,2026-01-03
98,2697,4,Chance ball with issue skin early second situation hit.,2025-06-08
99,477,5,Local catch eat most keep score exist.,2022-09-28
100,4262,5,Action because probably final pressure stage collection establish growth yet.,2025-09-11
101,3436,2,Next fact west also upon.,2025-02-23
102,2221,4,Everything day lawyer what professional industry appear.,2025-10-06
103,654,3,Water employee can lot.,2025-06-16
104,4365,4,Commercial sell support industry west institution fill final beat show teacher matter personal.,2025-12-17
105,3815,3,Thing order kind traditional indeed.,2022-10-27
106,2476,5,Piece raise coach instead bad need even help old board.,2025-04-06
107,3797,5,Leg resource of trial learn former alone.,2025-09-12
108,655,5,Hundred everything southern college likely thank.,2025-06-07
109,970,3,Will cold style painting morning ever.,2025-01-02
110,360,1,Others record build read according town drug very usually until popular site student.,2023-08-24
111,3656,3,Buy whose party trial region.,2023-10-26
112,2282,4,Level window Mrs window natural future enjoy.,2026-01-06
113,4201,4,Dinner price enjoy everybody up sort.,2025-12-29
114,1319,3,Partner mission act deal know quality style ball fact officer require improve.,2025-06-27
115,355,5,View understand paper cut individual international.,2025-02-11
116,997,5,Either yes down such entire machine know listen already environmental body write few.,2024-11-09
117,1272,4,Organization could his management car between wide car nature will for arrive employee foot sense home control that back.,2023-04-03
118,2953,5,Lay result senior rich attention training nature.,2025-01-25
119,3460,1,After Democrat back far source view know.,2025-05-31
120,2369,3,Return also store doctor pick name note recognize world strong morning how vote.,2023-08-02
121,3303,5,Run without fly require tend deep only make usually bar since evidence performance.,2025-01-19
122,512,4,Audience office risk worry morning president.,2025-05-22
123,783,4,Claim must program paper star red wall international nice sing full test.,2023-09-06
124,1463,4,Modern finally someone fast resource find.,2025-09-17
125,4104,4,It audience son loss around customer let.,2025-08-21
126,2315,4,Friend protect create big election drop face late short morning pay enough either instead deep.,2023-09-02
127,1232,5,Throw question identify commercial player budget century.,2024-10-04
128,1810,5,Often truth style stock at action difficult.,2025-11-24
129,2596,5,Cut Democrat child culture time federal race wish focus chance.,2025-09-19
130,4368,5,Carry still than simple any approach structure order garden task.,2023-10-06
131,3273,3,Edge reality hard simple along.,2024-05-19
132,1809,5,Generation second behind marriage house on travel style kind woman news evidence easy attention reality media how treatment any.,2025-11-29
133,1437,5,Consider important then mention hot near where move present first its.,2025-10-15
134,2976,4,Dog evidence thank fast effort significant start do investment.,2025-12-18
135,2811,4,Response best prepare reveal.,2025-03-07
136,373,3,Fill century range clearly positive young sport mother during arm fish check company day their radio your.,2022-08-12
137,3817,3,Third she how need eye appear bad evidence create simply.,2022-10-22
138,169,4,Sister color hold certainly age message leg TV artist.,2025-12-26
139,2897,1,Very probably use give for make give model he.,2024-07-18
140,1024,4,Six simply around often natural so such coach anyone exist include officer forward.,2024-12-04
141,4283,2,Company rule by information middle I performance strategy economy church improve present car pressure participant.,2025-03-24
142,2249,4,Just adult material whose trip even rich organization energy.,2023-08-14
143,246,3,Always deal edge see often dream crime determine.,2026-01-15
144,3233,4,Happen health family every know operation.,2024-11-26
145,2205,5,Grow may since deal tax property until hear.,2025-11-24
146,519,4,Continue morning read behavior whole ahead main house area dog under town pressure election smile.,2024-06-25
147,858,4,Finish in alone product military reveal admit surface feeling group side away base rule.,2025-02-28
148,3774,4,Religious seven cover middle he bank environment.,2022-10-28
149,2498,4,Forward author pattern window while share beautiful than scene computer laugh red with put reach walk return building.,2025-08-30
150,1964,1,Market hand industry why president who loss even author impact service spend car.,2025-11-19
151,1366,3,The democratic before investment rock crime live measure art red minute.,2022-08-09
152,807,3,Heavy operation weight sometimes movement toward.,2025-06-02
153,2529,4,Over experience yourself know leader eight reason.,2024-11-24
154,4498,4,Result degree picture green instead onto key east.,2022-04-01
155,4314,4,Kind southern cause again maintain color create these under.,2025-06-04
156,797,4,Bad up movement message participant.,2025-06-06
157,2337,5,Finally tonight speak direction subject together either rest interesting from hear near western collection.,2025-05-05
158,4001,5,Discover inside yard some enter market include get discussion girl writer easy ahead.,2025-03-17
159,3214,3,Common certainly high across system size down determine article fly executive less serious black address feel worker economy.,2025-11-01
160,2884,4,Thought laugh leave life sign win baby relationship each fine.,2025-04-25
161,2682,5,Wish change suddenly exist itself those us condition piece impact.,2024-06-16
162,1978,3,Open impact green respond far some board treatment result like everybody teacher brother.,2024-06-04
163,1815,4,Director true hand return above factor model fast receive game financial study account crime seek job.,2025-09-20
164,3550,1,Lot environmental ten must if head.,2025-10-12
165,588,5,Serious society really value television ten religious by short ago show.,2025-05-17
166,4334,5,Fall across line continue show others offer board position think themselves.,2025-08-24
167,2691,5,Hotel tonight rise suddenly occur begin share.,2024-11-10
168,1693,5,Arrive property hard cover office write computer fine much good pressure.,2025-09-02
169,1322,5,For provide arrive ability maybe tell couple color person suddenly point hotel improve one summer to.,2025-11-30
170,410,4,Long two friend deal what nature tough these receive realize close how recognize include agent western enter.,2025-09-02
171,3024,4,Focus nation entire magazine rest two must available person half detail worker need put ground onto.,2024-12-19
172,1608,4,Machine reveal own station job car run room.,2025-07-29
173,1770,4,Suggest enjoy claim role prepare pay certain day study every loss.,2024-04-14
174,3991,1,Natural keep let expert show than.,2025-07-01
175,3673,5,Between population feeling best allow watch country data avoid who bit establish here we month book.,2025-12-28
176,421,3,Day group improve bring sing likely employee ten executive.,2025-09-22
177,1704,4,Explain movie page commercial war themselves alone project often.,2026-01-16
178,351,4,Both provide family child human artist benefit task kind buy.,2025-11-06
179,4193,4,Seek look wear might skill upon history whole money student ago attack four model necessary.,2026-01-10
180,408,5,South never tax age read year movement you southern mention he follow administration argue owner stand.,2023-06-18
181,1565,3,Kind front ever join between control either including.,2024-11-17
182,3428,4,Great future war above not name course wait somebody.,2024-09-01
183,2898,5,Join somebody else college drive television stop probably officer claim.,2024-07-06
184,3880,5,Choice whose administration by figure now look expert ability personal single officer environmental college century list.,2025-10-05
185,2027,3,Behind modern different boy firm remain include century number environment behavior student finish I.,2023-12-12
186,4017,4,Nature serious market thus special plan military three whatever always.,2025-11-03
187,585,5,Writer front rather camera argue trial dinner door run whole also economy police a turn.,2025-03-28
188,1621,5,We card old can then over seat career board.,2024-01-14
189,3518,3,Nothing far open travel this deal area discuss wait approach teach protect impact fund strategy firm police.,2023-07-22
190,1971,5,Traditional area feeling still moment realize before measure here suggest look why.,2025-07-28
191,3368,5,Sea turn strategy training eight red city stage art.,2024-04-30
192,207,3,Finish current scene significant away energy use building.,2025-11-30
193,3650,2,Bring language smile vote fine town off sort.,2025-06-25
194,2258,5,At mission night situation describe.,2024-06-28
195,2735,3,Computer discussion specific international group push protect right.,2025-05-22
196,2841,4,Day parent record see pattern major force dream treatment particular remain today.,2024-11-06
197,881,4,Agency make high hear side movement party research participant recent piece finish sit so soldier forget take nation.,2024-11-07
198,462,5,Nothing argue change camera represent practice but.,2025-01-03
199,4291,3,College bill prove better security southern cause operation guy carry kitchen art time.,2024-12-26
200,4255,3,Shoulder smile class method into beat goal however yard information enough reason five approach seek.,2024-06-13
201,2886,2,Management fund return water property investment art usually then learn Mrs help.,2025-04-23
202,3525,3,Third trip kind low on range party career easy.,2026-01-01
203,2017,5,Place industry brother stock beat method here.,2025-04-05
204,1730,4,Up suffer audience least eye floor according center main in throw impact.,2025-11-25
205,1644,4,Impact let present inside suffer probably training.,2025-12-23
206,2352,5,Usually activity study treatment allow forward for stuff century work agreement.,2025-08-29
207,4005,5,Population throughout artist daughter wife floor page.,2025-01-07
208,2862,5,Set feeling among sure could kid customer speak key.,2025-12-25
209,3736,5,Clearly civil me work her teacher total in.,2026-01-12
210,3491,3,Term moment computer drop here authority raise.,2025-11-04
211,2901,4,Five finally price people response too.,2025-08-09
212,2780,5,Child line others paper figure enjoy shoulder subject ready difference.,2023-02-16
213,2136,3,Then brother meeting per mean him forget position I area base experience near.,2025-10-13
214,3098,4,Accept structure home single difficult such official up often city society.,2024-11-27
215,4383,3,This health forward black order role show take player receive help hear.,2024-10-23
216,1843,5,Close seat tend fear high quality soldier management state leader sea wall start must season life.,2025-09-25
217,3433,5,Often account usually.,2025-09-04
218,3833,3,Some force hour force tax yes smile operation only however.,2025-05-05
219,3725,4,Final send out forget write few president month window may test four blue head.,2023-04-18
220,2089,5,Last human teacher us week hair determine economic.,2023-11-13
221,1875,2,Free current once approach bill class girl four.,2026-01-05
222,1115,5,Most other American three change hundred then subject class behind office.,2025-07-31
223,3258,4,Several decide concern reach bad eight how.,2025-07-10
224,2602,3,His vote high front over represent others ten year beyond look today better evening history.,2025-05-10
225,1027,1,Fish big country develop least.,2025-05-04
226,2388,5,Cause of nature benefit green develop less thus environmental officer often table high guy natural several.,2024-06-11
227,3983,5,Back ground back coach teacher voice training production.,2024-12-30
228,3825,4,Yeah themselves seem.,2022-08-02
229,1786,4,Factor staff evening already idea real some raise thing full eye reveal media traditional student.,2025-06-15
230,1977,4,Speech create include better else sound career mean eight.,2024-06-02
231,2771,4,Positive response describe find cost pull none level claim oil play.,2025-02-17
232,1638,5,Go class expect structure local recent adult under.,2023-10-29
233,1448,5,Save value management head per bank cold order explain west west.,2025-12-20
234,3691,5,Region later check five attorney continue.,2024-07-07
235,2051,5,Condition budget who case animal budget your matter upon image keep instead check food apply hold.,2022-10-06
236,3871,4,Energy be music hair industry continue in manager service hot key agent long institution difference set business raise nothing.,2024-09-29
237,3831,5,Campaign require fact evening party control big mean behavior security affect middle relate brother easy catch.,2025-11-15
238,1415,3,Whose conference similar laugh break or out pretty industry.,2026-01-07
239,3497,3,Hold former impact loss ability probably usually sing trade use material group once front yard.,2024-01-06
240,829,5,Themselves call we listen discuss size number when course process.,2025-03-10
241,3841,4,Bar write machine popular gas this military order back.,2023-06-17
242,104,2,Medical job second little anything phone return choice already field.,2025-08-09
243,2959,4,Article color away well wife what water mother much sound focus.,2024-12-13
244,951,4,Though pull mean character trade enter national process sport man collection can imagine.,2025-06-13
245,1445,4,Land father form weight challenge interview age senior development theory nothing game.,2025-12-19
246,2255,5,Major and short plant many artist just fast.,2024-11-03
247,1909,4,Discover note step month marriage sit long.,2024-04-09
248,3639,5,Minute for good think son population instead pressure short very generation run risk fund.,2024-08-23
249,4329,3,Truth home themselves student raise daughter research certainly white owner response build building long.,2025-10-18
250,2277,5,Significant even some same down maybe remain live add travel goal food financial tonight none new.,2023-12-30
251,172,2,Some environment everything hour population loss up over.,2024-11-11
252,1849,1,Force my past international blue something chair tell music speech speak room.,2025-09-13
253,3595,5,Development activity heart media both fall.,2025-08-13
254,4487,2,Reduce teach station phone.,2024-10-13
255,628,3,Few score perform when but small everything.,2025-12-04
256,2348,3,Last third analysis by three according less almost system weight event may place bit magazine.,2025-06-17
257,4030,1,Sea agree wall happy high else know sign cup enter order without theory speak.,2026-01-09
258,3814,5,Deep of building town cost American area.,2025-03-26
259,852,3,Act report administration charge itself letter direction really season six too behavior.,2025-09-19
260,3972,5,Network about believe even blood near condition.,2024-09-25
261,3398,2,Hair floor present turn help it leave message hope young.,2025-07-10
262,3127,5,Or difficult paper only actually share market teacher son design.,2024-12-17
263,1701,5,Treat institution floor evening dark their information play think.,2026-01-11
264,1142,4,Memory both probably production work single remember parent human.,2025-07-19
265,3404,4,Successful power control themselves writer him during policy.,2023-03-23
266,1353,4,Morning nice situation five loss music.,2024-11-13
267,1128,5,Admit upon executive shoulder pretty later family.,2025-05-17
268,3141,3,Fly east painting people take in floor how stuff.,2023-08-16
269,1824,5,Future them success to teacher small should teach several mention have.,2024-11-17
270,2951,5,Perform step hand car should total officer bed truth same low down often group discover enjoy Mr require.,2023-04-06
271,795,5,Glass vote study peace throw.,2025-04-27
272,2987,3,National edge security stop force sort name clear fact sort reach possible.,2022-11-03
273,3949,5,Pick raise happy some despite man response community.,2024-03-01
274,786,2,Fast thank teach safe society close whose pretty theory line.,2025-04-14
275,1213,4,Test size stand military region born even affect.,2026-01-11
276,71,4,Here performance decision sit community decision believe list magazine sound young throw door the base senior seat.,2025-09-17
277,2256,3,Light now civil hand identify seem anything my.,2022-06-07
278,1518,4,Star list purpose feeling plan adult leave natural down economic create.,2026-01-06
279,3256,5,Culture measure range leave effect attorney that stage type.,2025-07-08
280,3132,2,Go try somebody region.,2025-07-08
281,582,3,Possible avoid husband director despite need sell.,2025-09-20
282,1995,5,That include arrive bank hot.,2025-10-27
283,777,5,Paper skin either television edge consider language.,2024-02-13
284,2585,3,Style I gun school moment coach officer.,2025-04-21
285,2972,4,Yourself artist big score some traditional not catch son.,2024-04-03
286,4500,5,Little drop word around under past account growth finish buy together.,2025-12-19
287,2605,4,Government from so trade throughout plan hotel close share still.,2025-11-17
288,538,2,Behavior impact record shake born friend history subject movie.,2023-11-01
289,460,5,Great drive throw serve threat word less article foot whether including decide among.,2025-11-23
290,205,4,Kind speech wait character response.,2025-01-19
291,3772,5,Remember cup action head near near forward indeed member dark movement.,2022-10-27
292,2671,4,Mention increase real daughter measure as play moment that leg young TV represent serve data stay add level thousand.,2025-08-20
293,1105,5,Offer budget way without.,2025-02-21
294,2720,2,Face left over consumer operation good page order though test pick seven sing technology traditional note skin throughout.,2023-08-01
295,475,2,Same foreign ball popular ten doctor crime.,2025-06-27
296,3386,4,Practice edge of one name.,2022-10-24
297,3897,4,Adult require line green respond throw left agency area allow history especially data.,2025-12-12
298,2050,5,Build then put size its enjoy why tree generation wait.,2022-10-12
299,3475,3,Likely president above actually billion strategy almost heart ahead market.,2025-11-03
300,3551,4,Shoulder space group paper you rather her not thank animal treatment out offer add money oil official.,2024-01-22
301,4251,3,Provide true letter capital exactly main game.,2025-09-05
302,3758,5,Drop design suffer require bring view once activity case as piece what development key difference article.,2024-10-07
303,3539,4,Top nice still force pressure whether need trip into fast standard bring wear.,2024-08-19
304,1910,5,Age bit character you only relate prove fear.,2024-03-28
305,3862,5,Try side explain simple even mouth couple beat policy right.,2025-02-21
306,1288,5,Memory bill three push future cup shoulder.,2024-03-27
307,1434,5,Reflect Mrs leave but performance grow many nice cover want continue if book.,2025-12-28
308,709,4,Thank couple imagine Mr wall field without.,2025-08-25
309,3612,5,Play hold student believe thought after bit hard study woman help force whose fear light color.,2026-01-08
310,941,2,Clear among defense try point executive past.,2025-06-10
311,1164,5,Back concern sing think can strategy out.,2026-01-03
312,2763,3,Police yourself born gun challenge dream development.,2025-11-20
313,3586,5,Blood their look each international individual drive around kitchen take cut back face help.,2026-01-07
314,1863,5,Unit very you partner relate analysis someone federal anything star nothing choose effect reality explain draw response.,2025-09-02
315,2160,4,Baby huge west similar service current without prove other eight.,2026-01-02
316,4034,4,Each well a glass week best.,2024-12-06
317,3422,5,Bed reach up cultural.,2024-09-01
318,3166,3,Fight none recent baby understand player establish start.,2025-05-08
319,1383,4,Performance employee child student method discover man raise.,2025-02-10
320,3576,5,Before share collection follow.,2025-09-27
321,177,5,Window author top interview ok force learn opportunity time want pretty senior together amount its receive.,2024-03-09
322,2146,5,Glass defense eat outside price back begin.,2025-09-09
323,1611,5,Dog service exist probably information radio available resource back night something service compare see safe arrive condition they.,2025-05-08
324,484,5,Break beautiful fine source quite their suffer television.,2023-10-29
325,1446,2,Economic response determine good of tell there power recent start.,2025-12-17
326,2072,4,Nor how tax whatever lot usually court none then especially I see.,2025-02-01
327,853,4,Music claim brother protect some quality.,2025-09-10
328,3632,4,Environment full eight pick let thousand teacher series environmental behind individual run quite coach.,2024-09-13
329,364,3,Question course imagine professor study add where carry American score.,2025-09-24
330,785,5,Town film edge whose position point can until field wonder ability own brother.,2025-04-17
331,4213,4,Old college up visit phone foot this.,2025-10-23
332,3170,4,Bad against movement father always maybe someone sing.,2025-09-01
333,2530,5,Still statement others surface but trade.,2024-11-20
334,4158,3,Note add understand concern attack against everybody.,2025-05-10
335,1123,3,Project drug would add hope high day.,2025-11-24
336,3738,4,Move election hospital bring.,2026-01-06
337,3472,5,Four clear court control never finish entire dog.,2025-05-13
338,525,5,Experience other expert organization son significant least explain foreign scene.,2024-02-13
339,262,4,Just yourself standard compare room research yard technology agency information.,2025-12-06
340,4369,5,Notice remember high crime charge dog.,2023-10-05
341,1945,3,Whether else think foot floor could everyone before speak service soldier individual.,2025-07-02
342,2228,4,Vote minute top responsibility serious reach board attention buy.,2024-07-11
343,3694,1,About stand per number computer technology street rich food out analysis.,2025-10-20
344,763,4,Age worker reduce main success if dinner speech require since American.,2025-10-01
345,2631,4,Business make to provide have these gun.,2024-06-15
346,2349,3,Low sea air different yeah player second turn attack six along world create democratic heavy green.,2025-08-21
347,3284,5,Road good reach Republican week across a employee step effect whom describe various garden physical certain ground approach.,2025-06-07
348,2404,4,Force dog bill may situation bit participant though cause help military sure analysis.,2026-01-07
349,4238,5,Right where sense Republican soldier.,2025-02-06
350,2851,2,Sign play inside future everything.,2024-03-01
351,470,5,Say remain deal seek whose week trade glass series return perform.,2025-12-24
352,2103,5,Family rich analysis particular window look voice some opportunity community production north plan determine image long remember.,2025-12-27
353,890,5,Meeting pretty resource night specific its night interest hope plan item.,2025-10-17
354,3970,5,Second do run half care nation idea paper investment child choice race play sound foreign.,2025-05-09
355,4282,4,Investment middle later man sister forget light final risk per response often live land.,2025-03-30
356,3633,4,Stand poor skill theory modern.,2024-09-17
357,1970,4,Three more other available address bank.,2025-09-29
358,2947,2,Near would history once college issue get option culture attorney use.,2023-03-27
359,70,5,Citizen hospital include blood green say education know.,2025-08-12
360,3065,5,Appear various generation election appear fall student.,2025-10-24
361,1021,5,House enough foreign wall high there me although particularly themselves perform surface discuss meeting.,2025-09-10
362,739,3,Many economy first during home old east two administration black stay yeah book as race direction.,2023-12-27
363,4189,3,Story teach she sure quite smile effort social sister short history investment fish official letter.,2025-12-09
364,2009,3,About yes sing unit standard company blue race indicate plan account.,2025-09-14
365,3113,4,Group customer grow language perform design wind clearly.,2025-10-18
366,3374,4,Whether movie meet as.,2025-02-16
367,311,5,Available any necessary economic discussion seat eight family myself.,2023-02-09
368,972,4,Like however fast officer everything local.,2025-01-06
369,855,4,May style section letter lead no southern ago true ago person bring similar close worker expert today person.,2025-06-06
370,3596,2,Three notice far positive anyone.,2025-08-15
371,1578,4,Quite true goal thousand me easy simply poor put down ground.,2024-12-09
372,1091,5,Or per machine huge organization before red several population seven happy.,2025-11-29
373,601,3,Network expect then there happy practice your whom produce election.,2025-06-22
374,2357,5,Anyone receive technology voice total condition decision under hot prevent bar.,2022-12-17
375,1116,4,Newspaper history game company artist visit line commercial.,2025-07-28
376,4123,3,Author tonight include list tonight tonight type attorney write reveal environmental western serve reality fear.,2024-11-24
377,4468,4,From four page present game you management similar long pattern live once structure financial deep.,2023-09-08
378,1499,4,Talk build partner information even section thought right seem play capital.,2025-08-03
379,2467,5,Another training art size ahead sea wall.,2024-07-11
380,627,5,Large food best popular rich along.,2024-12-29
381,1997,4,Meet everything industry day cold health attention road especially.,2023-12-11
382,403,3,Impact candidate report suggest away its impact free nearly would story.,2025-03-04
383,765,5,Teach trial the close quite bad investment.,2025-11-14
384,2695,5,Impact letter fall ago travel energy model listen save newspaper why heavy suddenly fight least miss great.,2025-05-29
385,927,4,Kitchen floor offer drug beautiful record scientist administration.,2025-07-11
386,3574,5,Clear particular pay their personal population fly tell pick.,2025-10-02
387,2946,5,Happy most unit cause song yet opportunity forget so although evening sing get.,2025-04-16
388,3821,5,Help check member company food head.,2025-12-28
389,4440,4,Then article line end your system.,2025-11-26
390,1991,3,Both town table police us successful draw democratic window start story school seat.,2025-05-28
391,3611,3,Design collection skill color cold organization human drop pull community trouble performance drop notice suddenly.,2026-01-08
392,4390,5,Program since impact game they it information than close foot human response evening page together simple.,2025-08-30
393,3695,2,Finally do itself democratic recently think bill buy organization boy adult term investment last see break forward director.,2025-10-19
394,3041,3,Gas rise yes personal forget little play reduce around.,2025-07-31
395,3679,5,Offer card allow same election continue population.,2025-11-18
396,386,4,Good above billion brother day later value single travel identify sort say should wonder.,2024-10-25
397,445,2,Study writer I surface meet agreement share argue poor more course including some total attorney word life.,2025-10-29
398,2149,5,Local entire also beyond happen.,2025-08-07
399,3641,5,Director before fall political I participant west baby arm water capital exist play worry.,2024-08-12
400,1344,2,Single news door ability possible forget million color drive activity interesting hair long citizen particularly seem game anyone.,2025-01-31
401,1637,4,Build else meet minute person between pass computer establish air such gun.,2023-10-25
402,2800,5,Development make discuss here identify recently contain stock early pressure early very trip police keep.,2024-10-08
403,2239,4,Oil skill whether alone.,2024-05-20
404,579,4,From picture agent receive memory range suffer.,2025-11-13
405,3495,5,Manager million describe investment create.,2024-06-24
406,4013,2,Happen give people camera within somebody drug entire fly talk.,2023-08-30
407,1816,5,Million most summer mind firm current interest window to.,2025-09-18
408,133,4,Including off idea focus day represent paper parent.,2025-02-10
409,2758,3,Skin worker serve loss subject camera back the perform.,2025-07-09
410,747,5,Quality understand action side country player very down central consumer pay.,2025-04-01
411,247,4,Inside all glass oil challenge try movement tell under how cause campaign hundred camera figure.,2026-01-13
412,3168,4,Support improve anyone long thing win surface pressure we.,2025-08-31
413,2964,5,Decision week form today night whole bar thought leader someone the.,2025-09-18
414,3071,3,Cover cultural commercial situation camera.,2025-12-13
415,1370,4,Girl career less next religious when note history music car available thing will establish.,2025-08-08
416,2055,5,Fact back general can computer current avoid.,2024-08-30
417,447,5,Thousand any natural debate oil father institution around nice.,2025-11-02
418,1426,4,Lead charge player stuff and reduce window serious final.,2024-03-30
419,4352,4,Adult standard them debate leader north require the case pretty imagine important production manager staff these alone.,2024-11-27
420,3004,3,Indicate radio employee someone either him worry foreign professional fight.,2024-05-06
421,3362,4,Good politics land structure with challenge traditional amount security claim kid after.,2023-10-15
422,2480,4,Unit season morning citizen crime dinner participant low.,2025-01-25
423,3675,2,Wait official land positive federal them beautiful news keep trade life.,2025-12-29
424,4488,4,Agency similar fall push my plan those minute music.,2026-01-11
425,3130,4,Before politics beautiful carry very.,2026-01-08
426,3750,4,Number enough left before increase energy reveal easy bring total down magazine share our receive.,2023-11-13
427,2640,2,Offer available place see hundred Mrs evidence.,2025-10-14
428,4486,5,Add rest reality data rule quality mean charge relationship instead.,2024-10-13
429,506,2,Religious happy front show leg look every this energy take staff.,2026-01-12
430,3420,4,Establish heart age hand light relationship step class send.,2023-08-16
431,4220,4,Right speak move game price score various capital start TV interesting teacher sense admit them.,2025-08-01
432,4438,5,Force special Congress sport life imagine rest board dark.,2026-01-01
433,859,2,True wait direction stop school since improve whether near not though fund stop.,2025-03-05
434,3092,3,Necessary interesting although option often actually thus Mrs team a shake.,2025-06-12
435,2188,5,Everyone ground memory pass early likely break city probably guy author action agency turn simple keep large new vote.,2025-12-14
436,586,5,Tend tend husband image side pressure leave three manager big.,2025-03-17
437,2368,5,Boy myself unit order tax campaign will look anything size which which low hold.,2023-06-24
438,3816,4,Single daughter another down dream leader station option.,2022-10-27
439,1517,1,Chance reveal officer.,2025-08-14
440,974,4,Fly indicate serious reach professor we.,2025-06-24
441,1582,4,Report shoulder south tell fact land level stage though.,2026-01-09
442,480,5,Deep first unit final risk suffer.,2023-09-04
443,736,3,Society be husband though clear water Republican indicate seat audience.,2024-04-11
444,4091,3,Real institution painting see help eat blue student.,2025-12-10
445,792,5,Argue series fill important.,2025-04-17
446,140,4,Strategy adult town control however up reason attorney interesting catch table meet today for record rise age sound skill.,2024-07-02
447,2797,5,Oil room end month few.,2025-02-22
448,3447,4,Team court begin through.,2024-12-25
449,1571,3,Relate east base player specific anyone down station edge ok attention.,2025-06-03
450,1974,4,Several religious sense research large professor project seek none present great appear tend.,2024-05-25
451,1980,3,Table hundred wonder as stay region.,2025-01-13
452,1039,3,Stuff health during help local environment team involve term part page interesting.,2025-12-04
453,851,4,Certainly also several prepare stand better relationship.,2025-09-13
454,2037,4,Them prevent enough on reason western matter ready sport half make enter.,2024-09-15
455,275,5,Mother somebody film sea too record create without score country tax.,2025-12-25
456,2231,4,Around concern blue program that month full pay while possible yeah leave dog.,2025-12-05
457,1111,4,Spring think door generation fear whether lot.,2025-06-08
458,2463,5,Difference growth toward fine something lead best evidence rather head surface we in task.,2025-10-29
459,2002,2,One collection success money black between simply cause despite form bar of fish.,2024-05-25
460,950,2,Treat arrive story spend green investment.,2025-06-01
461,1051,3,Serious for eat area cost step wait fund mean adult arm car but far force big PM side.,2025-10-23
462,3395,4,Next vote get citizen perform top successful course window whole defense under.,2023-12-17
463,3723,2,Catch leave whether we wish seem summer final production.,2025-07-15
464,3185,1,Suggest chance almost many candidate spring.,2024-12-19
465,790,3,Former already individual thank shake dinner avoid across sound base expect.,2026-01-21
466,818,5,Myself skin leave tonight cell minute return western then.,2024-07-20
467,340,5,Buy college eat involve network rock carry.,2025-11-14
468,730,4,Investment ten each owner middle century compare listen respond direction end challenge yourself art.,2023-08-16
469,2039,4,Who whole protect yourself I amount growth bank.,2025-12-10
470,1672,4,Though school effect talk mother.,2024-05-27
471,4097,5,Return rock home mission line once.,2026-01-07
472,349,3,Investment and arm whole back politics star rate trip place chair others world move.,2025-12-29
473,2367,5,These turn as peace trial near baby camera over sell remain avoid.,2025-06-21
474,1306,5,Ok economic rate goal never clearly risk father.,2025-05-30
475,1593,1,How respond player finish ten improve organization as subject thought relate floor.,2025-06-10
476,3826,1,Red animal strong rate too.,2025-01-16
477,102,5,Group include tax feeling inside of letter find work get democratic per wife.,2025-08-03
478,129,2,There score thus during up.,2025-07-11
479,1007,5,Hair others offer lot card more western describe understand southern body current.,2025-08-22
480,4164,4,Instead race big process east less offer exist style.,2023-10-18
481,2896,4,Same gun again opportunity big capital watch clear process alone room into.,2024-07-10
482,101,4,Bag truth begin local whole minute.,2025-08-09
483,2788,5,Recently sometimes walk might continue history order agency try group consumer under ask big play data let.,2025-11-30
484,2225,4,Case share unit education company actually bed.,2025-10-05
485,1585,5,Hope news figure health marriage finally try individual increase commercial natural.,2024-04-11
486,2402,5,Religious course animal end continue nation offer could art.,2026-01-12
487,236,5,Republican the power cause course ahead.,2024-05-03
488,3365,4,Get kid film baby quality.,2024-02-09
489,4362,4,Until positive sit into push perhaps especially science understand.,2025-11-15
490,837,3,Parent early lose fight our safe.,2025-11-20
491,1720,3,Across trade market certain a painting he task.,2024-08-19
492,3346,4,Teacher note paper site project why.,2025-01-04
493,4273,5,Ask quality wide bit.,2023-07-17
494,54,5,World wind send wife all central weight account home adult two marriage research politics pressure week decade third economy.,2023-04-28
495,4313,1,Result use voice yeah right media next account final price raise television reveal.,2025-06-17
496,1086,5,Down still accept drive.,2025-12-22
497,2003,4,Start officer face mouth shoulder through upon.,2024-05-22
498,2988,5,Various beautiful article cut letter Congress really.,2022-11-04
499,3097,5,Owner summer long born artist to.,2024-12-01
500,4071,3,Great conference summer contain list condition player.,2025-06-25
501,3985,4,Note fly increase behind reduce even their now.,2025-01-07
502,1653,4,Time Mr officer moment money education clearly tonight measure certain use use fact wind military.,2025-05-09
503,4346,4,President use line appear true part.,2025-02-13
504,2147,1,Pass field lawyer born he me if.,2025-08-05
505,636,3,Work open difference say smile three ball.,2023-03-19
506,4053,4,Help inside price her them look camera total fast building south take soldier.,2025-07-11
507,2043,4,Race direction whose himself how officer value throughout newspaper eight grow tonight pretty care bad too behavior.,2026-01-06
508,4345,5,Red process young value fire debate name less commercial nice.,2025-09-05
509,3423,4,Art share section car music stock president score approach.,2024-08-30
510,1525,5,Particularly maybe positive employee art any these service mission analysis note.,2025-11-07
511,2842,1,According feel network activity.,2024-11-04
512,2153,3,Time cut event rate certain seek foreign shoulder large shoulder artist try century truth final.,2025-07-26
513,2371,5,Want attorney best trade avoid join or however news others.,2025-10-12
514,4399,3,Sort open matter street total small serve be although wind wear economy occur.,2025-12-31
515,3957,5,Whatever but improve best month would appear.,2024-06-14
516,2651,4,Send know south majority approach guess country.,2025-12-30
517,3593,3,Evidence wait president president model window.,2025-12-01
518,463,4,Civil start produce sometimes official health hear bad foot.,2025-01-02
519,3322,5,Fill any according mention develop early garden who area husband door traditional change.,2026-01-12
520,2448,5,Write door fact should family ok student no.,2024-08-20
521,1158,4,The affect real reveal point fine not imagine town various amount turn.,2025-01-07
522,2178,4,Necessary today hold development single our what still heavy expert finally attorney newspaper soldier most.,2025-10-03
523,622,5,Size whatever this this teach trip throughout information teacher he behind knowledge address now.,2023-01-27
524,4129,3,Bar week parent probably sure likely cut probably standard story.,2024-06-01
525,4361,4,Even Democrat can management word whole human start player theory plant hard cause conference item.,2025-11-12
526,2971,5,Difficult easy improve itself fish science sister worry lawyer difficult range maintain ok.,2024-04-09
527,2628,2,Wonder animal can as why push off ability size themselves rise another produce buy white music message generation.,2025-06-23
528,2416,5,Gas speak environment cover despite court south my leg spring machine hair specific research.,2025-11-24
529,2145,2,Increase herself culture themselves amount center ability future strong.,2025-07-02
530,3864,2,So consider even agency month significant college nature discover they example product wall future the sense everything process manager write.,2025-02-13
531,2244,5,Often American become evidence represent.,2024-05-11
532,3720,5,Nearly fall attention she power near consider assume career.,2025-12-29
533,1026,5,Lose little go you now Congress skin fight which new window have nation draw degree no cut source.,2025-05-06
534,4455,5,Beat none today blue song high perhaps wind reason particular.,2025-01-20
535,4248,4,Think traditional price mission high detail another whatever item leave itself.,2023-11-29
536,3524,5,Ahead travel probably body bit cut.,2026-01-08
537,3347,5,Feel on able song base three herself increase tough president kitchen choice.,2024-07-22
538,4035,5,Summer reality bag recently.,2024-06-14
539,2636,5,Reduce animal report break store movement computer nothing spend.,2023-11-23
540,1100,5,Another always indeed pattern skin ready space prevent able better almost its.,2025-10-05
541,3093,4,House source his fast drive space population.,2025-03-28
542,4342,5,Follow good speech my present remember black.,2023-10-09
543,233,4,Evening language improve claim plant create purpose service force make pattern treat white.,2025-06-21
544,1331,4,Art type federal coach attack expert professional those natural.,2025-10-14
545,2670,5,Agent face so training total decade fine mean shake doctor now.,2025-08-24
546,734,5,Hear little standard executive near room us them political however dog provide lawyer arrive report ago bit plant check.,2023-10-31
547,2623,2,According late data somebody assume be bar force true black time.,2025-10-13
548,1106,4,General west team city result lose about walk quality already space think between.,2025-02-24
549,1351,4,Common knowledge single model fact newspaper suffer ball matter lead care room reduce read fly always.,2022-08-16
550,887,1,Involve explain grow father.,2025-03-11
551,4402,1,Mouth natural appear adult modern them once white culture ok probably.,2025-10-25
552,614,2,Democrat your rock himself family term manage television grow position center loss.,2024-08-05
553,3240,4,Science story value however.,2024-06-20
554,546,5,You manager foreign kitchen determine many television guy.,2025-01-04
555,1688,4,Federal difficult loss book challenge take section.,2025-01-07
556,1089,5,Also dark student traditional federal term whom event either the item.,2025-11-26
557,1246,3,Three million political friend analysis training buy similar.,2024-02-02
558,1179,3,Minute right book million many page off woman miss somebody themselves Democrat true interview fill.,2026-01-17
559,3822,5,Town feeling others piece ok director loss actually movie middle whose role white possible feeling.,2025-12-30
560,423,5,Any air mother role always wrong.,2025-09-29
561,1052,4,Central decide forward why pull.,2025-10-31
562,3502,4,This task as can federal maybe.,2024-08-21
563,1984,5,Woman southern attention wrong nearly building remain.,2024-11-20
564,153,4,Teacher its since one marriage probably.,2025-11-04
565,3445,3,Writer door grow thousand role.,2022-10-23
566,489,3,High everyone sometimes none.,2025-11-24
567,1837,2,Road follow north consumer who.,2025-08-11
568,524,4,Recognize nation weight wear admit within subject.,2024-02-16
569,1230,5,Create treat dark notice happen yes name.,2024-11-11
570,3721,5,Writer change relate plan identify level become with again common remain claim few away around Democrat music.,2024-09-21
571,759,4,Stock entire positive accept contain general material music require let look ask.,2025-10-03
572,838,4,Every authority unit father.,2025-11-14
573,1472,5,Wall interest industry hear mention authority blue project fine.,2025-02-01
574,3727,5,Month standard federal manager also mouth task at.,2025-02-11
575,4364,5,Wear country move not policy production institution lot street.,2025-12-11
576,3014,4,Month stop room alone present another care view bar talk friend some ok lose.,2025-11-01
577,2547,4,Piece trade as oil force animal part.,2024-04-04
578,4492,5,Contain everything hand quality voice edge show analysis sort cut another actually growth be trial nature.,2024-09-29
579,2591,1,Amount yet everything address future out direction range then should.,2025-02-15
580,505,4,Play party since radio voice one series despite.,2026-01-15
581,2161,3,Happy scene wall plan interesting tax positive economy.,2025-05-25
582,1746,4,Affect amount sing stay alone.,2025-08-20
583,1940,4,Line various room soldier seem east situation result question near.,2025-04-30
584,32,5,Mention weight sort different boy live understand city concern than fish pretty growth range officer exist evidence only.,2024-09-17
585,3811,2,Light fire response really team power.,2025-04-06
586,1845,4,Pay program student travel difficult little west child themselves later total.,2025-09-25
587,1290,3,Box candidate either morning never game recently eight old spend.,2024-03-17
588,1811,2,Experience money lead able any crime.,2024-12-18
589,4479,4,Agreement serious audience traditional against.,2025-11-11
590,4155,5,Data environmental father dinner let go material local appear.,2025-12-04
591,2929,3,Eat suggest recently economic sport candidate own if skill agent land read action hospital while myself left minute.,2025-12-21
592,3020,4,Act hit piece she film catch agency.,2025-07-05
593,2787,4,Blood see view under meet threat discussion five guess any experience throw.,2025-12-12
594,1194,1,Beautiful cause near organization wrong team themselves government full week suddenly behavior benefit television professor late staff cover after.,2025-08-23
595,2726,4,Woman agent task expect general someone card.,2024-06-23
596,4212,4,Leg seven front set least resource majority worry quality staff.,2025-10-20
597,422,4,National lead financial national.,2025-10-02
598,3803,5,Senior require throughout my agree question owner hour quality upon ever role history type mention board table local better month.,2025-12-23
599,2216,3,Focus article operation project administration describe color statement.,2025-12-01
600,562,4,Animal water security main as party night responsibility rich place window help current interest world.,2025-11-22
601,3257,4,Feel nearly rule institution street send none listen figure black middle now child house director recent big.,2025-07-18
602,1343,3,Dark artist particular your individual write check keep nation general recently.,2024-08-22
603,4339,5,Send no mother continue business find region rock policy list anything though grow.,2025-11-10
604,3570,5,Well story work last pattern speak fly care idea lead medical make.,2026-01-02
605,616,5,Total share wall particular hot book experience example often.,2024-08-11
606,4496,5,Seek majority street garden party who trouble mission hold sea.,2023-04-19
607,2710,5,Recently special third security take.,2025-01-15
608,2031,1,Mean player enjoy concern whether talk protect they foreign by according right upon.,2024-11-21
609,1281,5,White sit should hold base side leg.,2022-03-24
610,2434,4,Free likely law try science instead bank perform recent maybe TV cultural season.,2025-11-16
611,2391,4,Myself room individual during beat cell other bar prevent style interest.,2022-12-04
612,3186,5,Surface among check foot too remain our two than evening level me discuss education both.,2023-07-28
613,1998,5,On major nearly well their lay product rather themselves.,2023-12-08
614,1208,5,Different care worker side while money become though man never that already.,2024-04-03
615,2075,2,Attack piece another probably fear shoulder commercial worry street.,2024-06-06
616,377,4,Box stop culture far artist relationship candidate.,2022-08-21
617,359,4,Reach memory performance agreement second.,2023-08-20
618,1519,5,Part just offer art piece two occur believe to item benefit easy.,2026-01-08
619,3352,5,Fact structure tax air partner friend international both them rest us your rock again hundred offer class beat.,2025-11-12
620,2713,2,Oil wind feeling model level continue prepare.,2024-07-11
621,3528,5,To center lawyer draw bar red above nearly see small PM religious.,2024-01-30
622,1382,1,Commercial environment use thing degree perhaps without deep sure hospital.,2025-02-03
623,240,3,See carry radio authority western put others training theory.,2025-02-13
624,612,5,Three couple the science increase father letter national American century response pressure agency share food sort.,2025-06-18
625,3137,2,That poor decide computer will operation himself computer course.,2025-11-28
626,2202,4,Tv ok similar challenge eat art evening.,2026-01-11
627,1907,5,Evening staff market hair friend.,2025-02-01
628,566,3,Feeling onto entire edge road his organization traditional region fill focus yard health.,2025-08-19
629,684,5,Watch idea whatever top ok if herself focus tend sport state.,2024-01-29
630,3319,2,Certainly us about blood current either three.,2024-11-04
631,4432,5,Care world next care read wall radio fund billion catch south within board put.,2025-07-01
632,1465,5,Against challenge second standard cover.,2025-03-09
633,362,5,Moment certain former nation moment laugh beyond weight institution business doctor carry which while meeting.,2025-04-10
634,769,4,Mean morning young paper model sister put husband.,2025-12-04
635,2627,4,Particularly production law lead read lose wear represent before write myself less exactly guess these room.,2025-06-25
636,4087,3,Girl change physical than bank or support impact peace want.,2026-01-08
637,3051,5,Popular might car brother everybody sit statement clear a treat receive.,2024-09-24
638,2389,5,Remember color discussion across can identify age back everything amount cultural.,2022-11-30
639,369,4,Attention eye trade boy word beautiful in author should area method evening good responsibility pretty leave.,2025-11-07
640,1794,4,Address society film main ground.,2024-06-08
641,3663,4,Miss film consumer range too.,2025-04-26
642,3052,3,Employee compare prepare left challenge various if.,2022-05-31
643,1222,5,Pull between growth recognize between road physical skill range eight present religious authority road store front several art.,2024-08-19
644,1908,5,Peace use face during off behind customer.,2025-01-22
645,2902,5,Above perform store over sport support school join.,2025-08-16
646,1245,4,High explain how significant issue newspaper Republican interest.,2024-01-25
647,862,4,Special force push describe ok majority firm onto on there space.,2024-10-15
648,1422,3,Part civil clearly early what ground together near last.,2024-08-06
649,1620,4,Onto point security rise help your edge look.,2024-01-12
650,4070,5,Country region instead drive enough back relationship.,2024-11-04
651,1787,4,Thousand economic garden degree east level create.,2025-06-10
652,3064,4,Probably admit training stand even fill statement miss land too participant.,2025-10-24
653,2745,4,Upon minute our coach quite community catch.,2025-12-18
654,2064,3,Always establish several bring time approach clearly rich recently account.,2023-10-18
655,219,2,Pattern relationship song head attack hit family around.,2025-04-30
656,2895,5,Between you run follow writer wait talk reason image never car drop leader type next rise pattern.,2024-09-02
657,508,5,Health better reveal list see him decade ready art time claim beat.,2026-01-16
658,3952,5,Into peace myself personal record company our measure trouble west lawyer hear open.,2024-01-22
659,2648,3,Time husband market full level section son purpose mother.,2025-10-01
660,3424,5,For product start social administration full feel.,2025-10-31
661,4228,5,City floor recently skill others star address family door enough hope give.,2024-11-14
662,2911,4,Campaign keep increase several create color.,2025-11-25
663,2414,4,Clear whose four officer power voice.,2025-09-12
664,2100,5,Enough example force effect choose job teach growth choice old perform around world put.,2025-12-14
665,653,5,Near sure daughter least mother woman vote for.,2025-02-06
666,2515,2,Term picture analysis yard training analysis check lead writer theory conference cup.,2024-02-15
667,1008,5,Adult toward analysis I first special success short.,2025-10-25
668,4056,3,Many believe story part still particularly material.,2025-05-15
669,2083,2,Hold development little son watch guess according daughter large these none.,2025-05-22
670,2235,4,Reach manage adult serve husband organization office walk.,2024-04-13
671,3558,5,Rich win prove recently time finally think fly nothing course resource career clear modern.,2025-11-12
672,392,3,Challenge ahead star democratic anyone hospital step soon real pressure perhaps.,2024-07-12
673,3163,3,Firm join process approach line.,2025-05-02
674,221,3,Ever exactly care recognize something forward least.,2025-02-27
675,513,2,Hospital street range through conference nor tonight four than.,2025-05-26
676,1042,4,Decide theory pay meet room watch keep offer.,2025-02-26
677,2413,1,Lose may prevent serve lose save better on.,2025-09-14
678,2824,1,Value establish stuff bill picture star in show allow war organization everyone loss evening perhaps.,2026-01-01
679,499,4,Positive ball relationship they laugh car agreement six line paper edge look pay read rest hold carry focus reduce three.,2025-01-14
680,2500,4,Ever wife idea low size note game television order realize small artist answer mean skill.,2025-12-27
681,2049,5,Situation crime sell either probably knowledge.,2025-04-28
682,635,3,Safe hot itself maybe concern increase place color walk.,2023-03-06
683,1933,3,Style break now decide year style.,2025-06-23
684,2973,5,Yet more involve piece choice half inside benefit particularly body language interest.,2024-01-04
685,2485,4,From senior fast arrive finish history change machine.,2023-01-12
686,1139,5,Place not one throw effort everyone where difficult lot building buy wait standard chair create despite wonder woman.,2025-10-24
687,2879,5,Skin high my play religious region official bank instead better.,2025-05-13
688,1592,4,Tax sort issue national responsibility piece can when hard reveal another continue travel set determine course improve still six.,2025-05-30
689,516,2,Recognize know security development game action election main politics during wide choice car.,2026-01-15
690,2259,4,Production goal election blood town common again.,2024-06-28
691,1416,5,Case do pressure front business building whole threat.,2026-01-10
692,2142,4,After free protect shake this now.,2025-12-08
693,2152,5,Compare environmental report open figure once our meeting remember tell unit.,2025-07-20
694,766,3,Help heart radio first easy instead price real apply quite movement page.,2024-11-07
695,3384,5,Mission set wind worry economy build goal face lead play drug who test should during once nature.,2022-10-26
696,2329,3,Listen fish manager box structure music.,2023-10-05
697,2952,5,Camera group operation without baby rather personal often player edge deal standard herself friend state.,2025-01-29
698,3165,4,Store once population dog pressure participant now about.,2025-05-10
699,126,3,At weight manager member attack past another director.,2023-12-24
700,3063,4,Unit degree keep grow go summer where executive despite yourself now beyond back community.,2025-11-05
701,2761,4,Note wish happen senior school especially life store necessary wife politics.,2024-05-31
702,2513,5,Child international billion subject.,2024-05-27
703,4465,4,Already always describe again best be together beyond another future month become agree.,2023-09-07
704,446,2,Live usually head green exist live tax it design kitchen ready even control difference prevent house.,2025-10-31
705,4272,4,Issue never his explain movie scientist whole computer relationship claim property modern size.,2025-05-30
706,1423,4,Maintain throughout federal indicate themselves.,2024-03-13
707,3700,4,Fear finally Congress break music sort.,2025-01-11
708,1779,5,Democrat blood student face direction rather entire.,2024-09-10
709,2441,5,Adult agree court anything though campaign order detail.,2024-02-28
710,1438,5,Yet become military easy nice.,2025-10-25
711,1447,2,Task term although address approach song pass student right.,2025-12-17
712,2038,4,Sister student political between deal ask happen technology structure class treat sometimes true go.,2025-12-07
713,665,4,Ok them realize discussion woman heart.,2023-03-24
714,1513,4,Character believe for design keep respond first street claim against under per deal test ask accept deal.,2025-09-29
715,2834,3,Management raise power painting case big police image environment move him thought official give professor.,2025-12-16
716,2298,5,Dinner join write method suddenly order cover dark discuss short pattern authority simple site.,2025-09-11
717,539,5,Sense send sense history thought situation move town art day together realize sign past loss growth.,2023-11-01
718,1088,3,Likely leader analysis space idea true where concern rise entire result.,2025-11-26
719,2733,5,Really realize citizen audience medical.,2023-11-10
720,176,3,Campaign choose college include despite here sport good candidate Mrs standard cold deal rock again.,2024-03-02
721,2323,3,Himself way fund bit little international seat side.,2025-09-09
722,2105,4,Page hand eye politics ago teacher live husband.,2025-09-10
723,3794,1,Prepare bad social price.,2025-12-19
724,971,4,Often write rate money idea into.,2025-01-01
725,2291,5,Coach task several only expect stand fact maintain history.,2025-12-23
726,1379,4,Yard green can design course customer behind.,2025-07-25
727,2245,5,Run sign money organization rich important.,2022-11-15
728,1154,4,Ball office dog again man together short maintain process.,2025-10-23
729,3973,2,Tonight remain down free risk shake myself foot wait material billion his everyone spring remember consumer fast fight national.,2025-07-04
730,370,3,Big necessary interview ok system card worker others continue almost.,2025-12-28
731,2589,5,Provide media field who energy really.,2025-02-09
732,2415,5,Water card sense health where push expect.,2025-11-24
733,3627,4,Baby certain responsibility record very shake spend structure respond treatment bag teacher join represent former message paper.,2025-12-16
734,1823,3,Money despite hair commercial half stand positive set note.,2024-11-13
735,3336,3,Financial only spend safe serious watch either visit.,2025-02-16
736,933,4,Guy trouble say approach past reduce not begin trouble heavy.,2025-10-20
737,4081,4,Somebody strategy director song product color notice occur how direction but for wife summer challenge support a bag produce fire TV.,2025-09-07
738,2137,1,Thus environmental game sister goal interesting same.,2025-10-12
739,2595,3,Majority respond lead fight first ground.,2024-09-23
740,3762,4,Scientist radio present strategy again probably size make check.,2025-08-18
741,1102,4,Major general follow spend sometimes player thus reveal camera range.,2025-10-08
742,3369,5,Always sure need grow model environmental probably.,2024-04-24
743,1632,5,Shoulder mean dinner vote realize peace.,2025-11-28
744,277,5,Account ball tonight usually now clearly quite.,2026-01-04
745,3765,5,Oil husband service short sort tell.,2025-04-03
746,2025,4,Need hard claim table kitchen ago population line study against.,2024-03-29
747,2087,5,Really sell already consider others candidate.,2023-11-05
748,3494,5,Low well modern especially six establish consumer whether accept.,2024-06-27
749,3500,4,Compare receive security thus glass most friend per explain decade four.,2024-08-23
750,4111,4,Spring should modern name most happy treat kid sign Congress.,2024-11-07
751,43,5,Loss manager production newspaper go sea play.,2025-12-30
752,324,5,Four her art modern go hotel focus view mother model author.,2025-07-17
753,3745,5,Industry paper window especially difference something open.,2025-09-06
754,600,5,Model whom whose you ball leader baby need eight growth small lose.,2025-06-28
755,1905,5,Official board doctor media administration step.,2025-08-29
756,4312,5,Address shoulder discuss until sing food budget newspaper face left market continue executive.,2026-01-11
757,3213,1,Difficult worker pass ability before participant.,2025-11-02
758,796,5,Final other onto financial cost like myself.,2025-02-25
759,4414,4,Result boy list responsibility after agent lose factor worry lot focus mother while health behind study boy.,2025-02-16
760,2669,5,Prepare several population thank economy upon treatment make else southern road use.,2024-08-12
761,1515,4,Enjoy offer wide these structure push condition.,2024-08-28
762,1163,5,Process team sign effect.,2024-04-09
763,2313,4,Claim last win environment condition student when treat he against official.,2023-09-02
764,570,3,Woman population during able will.,2025-10-29
765,623,5,Message measure rule response behind natural note care budget example enter stop since second green arm girl because several.,2023-02-04
766,1001,5,Together bad choose report news involve fine rise.,2025-06-20
767,2520,2,News child ability song score.,2024-10-05
768,2478,4,Woman threat detail report light.,2025-04-09
769,2119,4,Fine source method do pressure true certainly.,2025-07-27
770,565,5,International talk especially thank blue left around want answer half great choice picture.,2025-06-18
771,517,5,Her hold color.,2024-06-28
772,1273,5,Try increase activity memory boy spend difference painting have soon.,2023-04-01
773,1831,4,Himself indeed reason less relate heavy within.,2025-01-12
774,1140,3,Wrong cover follow face religious mother challenge near everything project debate sell.,2025-10-31
775,3699,5,One woman hundred floor social future American live nothing including sit prepare.,2025-10-07
776,3388,2,Real option first large professional strong community message full child.,2025-02-04
777,1860,3,Thousand black cover truth cause police hand.,2025-08-25
778,3323,4,Every space short ahead under capital send wear response hit check imagine onto.,2026-01-05
779,2590,4,Economy various conference itself late media own very heart peace.,2025-02-18
780,4122,1,Outside number PM majority war environment change building cause especially open vote take either.,2026-01-16
781,2365,5,Husband bill smile lose.,2025-07-01
782,2960,5,Again billion democratic former cold.,2024-12-19
783,3310,4,Professional training into cup discuss.,2024-06-28
784,2565,4,Send collection beyond standard give see home reduce quite source summer born heart item company themselves.,2025-07-06
785,1665,4,Relate throw force word energy sell professional.,2025-07-09
786,2418,5,Resource player others church pull box want blood.,2026-01-02
787,3265,5,More consider item despite up happy morning scene let development in eye in.,2024-02-14
788,26,5,Various type score ready send window range song near check lawyer see news happy quality avoid effort.,2024-10-02
789,1847,5,Form catch yet site nothing Congress top.,2025-09-09
790,3834,4,Though government run employee world office full what city war feel single organization.,2025-05-10
791,937,1,Step nothing various throughout nice spend bank.,2024-11-10
792,737,3,Much own strategy commercial economy throughout garden.,2024-03-31
793,2362,5,Option forward want suggest price somebody less race include still training remember.,2024-04-01
794,573,5,News collection price attorney mean budget speech claim instead red.,2025-04-09
795,3483,5,Fight management wind pull.,2025-05-07
796,1654,2,Person adult war fight quite understand.,2025-05-18
797,3139,1,Quickly figure seat enjoy best sometimes style sometimes easy.,2026-01-14
798,1717,5,Third campaign recently even key spring hard church.,2025-11-11
799,2514,3,Bad image cause pull.,2024-02-08
800,683,3,Wrong size occur later treatment financial good get media boy.,2024-02-08
801,4185,4,Plan national election possible box partner class industry administration success theory night.,2025-09-20
802,3028,5,South success effort generation environment someone necessary nature case for year choose.,2024-09-09
803,3577,4,Cut study fact leg college simple personal go country effect often company attorney ability gas collection trade challenge.,2024-02-01
804,1692,4,Accept need itself pressure bad decade few imagine purpose.,2025-09-04
805,1917,2,Phone yet former sport action bring.,2026-01-14
806,4495,4,Religious citizen table support health suffer after wonder student.,2023-04-14
807,486,2,Few entire commercial character million point finish perhaps.,2025-08-16
808,4207,5,Near sort pass stage civil so item heart material hope alone show low glass pull.,2025-05-01
809,3883,2,Citizen interview position me certainly discover represent society live attack why explain child professor this fund city deep.,2025-10-13
810,2660,3,Can miss be resource tree bill data apply see institution yet.,2025-03-07
811,758,4,Station ago everything radio opportunity big.,2025-10-13
812,435,5,Movement yes large heavy.,2025-01-06
813,632,5,Sign us ask control and lose ok exist.,2024-07-02
814,2203,5,Sure study it page investment four.,2026-01-04
815,1689,3,Instead less really seven American phone close age quickly worry education here reality senior.,2025-01-14
816,17,3,Authority far city receive peace.,2024-09-26
817,3643,2,Question party break wife foot challenge wind prove future myself if form recent stage practice go stop lay.,2024-03-09
818,580,5,Dog finish travel pattern place soon bring.,2025-11-24
819,563,5,Improve apply anyone hospital main have any east budget mind once.,2025-06-10
820,774,5,Maybe really establish produce cut sign young drug happen traditional.,2022-08-14
821,185,5,Fund east positive most might.,2025-11-24
822,2769,5,Smile discussion choice from else behavior country member shake anything.,2025-02-27
823,222,4,Happen ask staff five memory kid just feeling.,2025-02-18
824,2882,4,Television I color wear difference between how better him nearly many research price create field lay sport official.,2025-09-07
825,2894,4,Source some war recently strong serious wife mission.,2024-09-05
826,1576,2,Land this attention story type.,2025-10-03
827,2445,4,News drop identify Democrat standard truth language president impact pressure black off cost me remain.,2024-10-07
828,3601,3,Minute power goal doctor window officer religious.,2025-11-01
829,2276,3,Admit today away case action could draw believe result bit loss will if set current catch value.,2023-12-30
830,216,5,Crime dog which Congress trial career opportunity first protect against animal mouth ahead Mrs adult.,2025-03-23
831,1859,2,Head find surface common break east democratic fine safe wonder music manager land leader hear tend.,2025-08-25
832,1349,5,Base government name threat treat direction officer.,2022-08-10
833,1564,3,At more onto dream thought continue dream community simply stage whether.,2024-11-14
834,2900,4,Second company decade always training card agency cost every.,2024-07-07
835,4229,5,Cost financial avoid its much professional fast bit stuff since.,2024-11-12
836,1812,3,Name almost anything listen hair never against glass question.,2024-12-15
837,2316,5,Total official future less north official.,2023-11-30
838,1239,5,Seven into only assume movie way decision claim not anyone really significant others total talk statement national organization hard glass.,2024-08-16
839,4172,4,Story pick option clear should room instead education.,2025-08-19
840,1906,4,Much thus PM nearly.,2025-01-23
841,3058,5,Painting his stand throw difficult which meeting talk shoulder.,2024-12-20
842,568,5,Learn toward view room whose drop student purpose degree.,2024-06-03
843,1072,4,Enjoy first keep check remain letter training near yet beyond radio rule.,2025-08-01
844,828,4,Article south note audience down consumer.,2025-03-10
845,1865,1,Area agree less store actually test various stay.,2025-08-28
846,98,5,Drug deep represent military deal its land foot message.,2024-05-16
847,2254,5,Require president program crime box attention adult worry best mother.,2025-08-07
848,4499,2,Important beat sign Mrs your approach major growth ok whom must.,2025-12-21
849,1005,3,Travel Mrs player discuss compare whom top official school spring.,2025-08-22
850,158,5,Reduce last next range place small charge chair.,2025-12-28
851,1269,5,Page your rock audience just phone structure myself usually edge itself church answer history may who.,2023-08-30
852,3167,4,Experience mind article specific number fall.,2025-08-25
853,2990,1,Laugh lot heavy either per into save court.,2022-11-08
854,4353,4,Could and generation forward room coach take serious another beat heart pattern us grow.,2024-12-01
855,3234,5,Something man visit table economic military.,2024-11-19
856,3630,4,Know least father assume story.,2025-10-17
857,1436,4,Remain nor together central social great the seek daughter attention a throughout no cut marriage type together determine heavy.,2025-11-27
858,3734,3,Once organization model my education behavior political the ten ability prepare role imagine right.,2025-08-17
859,558,2,Past significant data themselves.,2025-01-09
860,3987,4,Expert attention paper kid like gun.,2025-08-13
861,994,4,Expect those then interesting financial world team population brother type huge final actually.,2024-02-20
862,3300,4,Most item across hair paper.,2024-01-10
863,4004,5,Form certain place material stuff image other manager prepare become off day sell understand house quite three.,2024-07-21
864,869,3,Their could home direction.,2025-04-27
865,652,5,Name themselves PM represent even drug necessary fund wife president sometimes service common involve.,2025-02-03
866,4076,4,Small actually executive.,2023-04-17
867,2892,3,Small chair control ground dream certain whole wonder hundred what condition base know wall.,2023-12-25
868,497,2,Fly man between travel once someone outside many surface sport.,2023-12-13
869,1424,5,Many sit travel apply than officer participant hand.,2023-06-06
870,135,3,Really game card explain wait this morning.,2025-02-02
871,3060,4,Fear follow town Democrat pay exist while.,2025-05-04
872,3967,5,Simply Mrs during former understand.,2025-11-12
873,124,4,Drug however process certainly tend.,2023-12-15
874,710,3,Audience anything cost think treat beat value black choose see.,2022-08-11
875,2840,5,Me wait necessary join color expert successful smile suddenly her.,2024-11-04
876,615,4,House number him PM low away address key process general community similar speech.,2024-08-06
877,2563,4,Final son option behind writer writer share similar manage trial again radio nothing.,2025-11-11
878,2576,4,Order energy crime degree respond happen mind whole person color situation.,2025-06-22
879,894,5,Never level much west conference within night site.,2025-12-08
880,3126,1,Administration others from career week woman join late lead return agency.,2024-12-23
881,2610,4,All available where these difficult direction deal parent challenge outside quality.,2024-02-03
882,1244,5,Prepare memory material deep despite computer step company.,2024-01-25
883,2321,2,Letter budget already oil message old subject window generation their TV growth.,2023-11-08
884,3506,5,Believe field court method guess keep foot garden.,2025-03-09
885,4227,5,Understand ready know however get relationship worker.,2024-11-14
886,2835,4,Debate important these plan another west should data record who eat way second black.,2025-12-19
887,496,4,Chair age short tax husband.,2023-12-14
888,1838,2,Of argue analysis rather note among identify all.,2025-08-11
889,400,5,Hundred training nearly air list forget thought type across anything watch budget how until future develop property from she.,2025-05-03
890,1328,3,Office ok during property cup care training.,2025-07-19
891,278,3,Magazine across wide national president line shoulder among development.,2026-01-10
892,2731,2,Tough thank ahead use act mention miss measure artist city kind would anything cell staff six move gun several.,2023-08-12
